package,published
ACCLMA,2010-06-16 00:00:00
ADGofTest,2009-07-18 00:00:00
ADM3,2011-03-17 00:00:00
ADaCGH,2007-05-06 17:20:00
AER,2008-05-05 00:22:00
AGSDest,2009-10-08 19:59:00
AICcmodavg,2009-09-03 15:49:00
AIGIS,2009-03-09 00:00:00
AIM,2010-04-05 00:00:00
ALS,2008-08-06 19:06:00
AMA,2010-10-19 18:10:00
AMORE,2005-02-04 12:35:00
AcceptanceSampling,2007-07-07 20:46:00
AdMit,2008-06-11 11:15:00
AdaptFit,2006-06-23 09:23:00
Agreement,2011-03-10 00:00:00
AlgDesign,2004-02-02 13:38:00
AllPossibleSpellings,2010-11-03 08:32:00
Amelia,2007-03-25 21:12:00
AnalyzeFMRI,2001-08-10 15:16:00
Animal,2009-03-18 13:48:00
AnnotLists,2010-12-22 00:00:00
AquaEnv,2009-03-31 20:26:00
ArDec,2005-10-11 21:55:00
aCGH.Spline,2009-06-24 13:26:00
abc,2010-10-05 10:45:00
abd,2011-01-26 09:24:00
abind,2003-04-25 18:38:00
accuracy,2004-07-15 21:12:00
acepack,1998-03-25 22:53:00
actuar,2006-02-17 09:36:00
ada,2006-09-29 23:30:00
adabag,2006-06-06 15:57:00
adaptTest,2009-10-16 00:00:00
adaptivetau,2010-10-20 09:19:00
ade4,2002-12-10 19:50:00
ade4TkGUI,2006-09-29 13:06:00
adegenet,2007-04-11 10:21:00
adehabitat,2004-09-25 11:04:00
adehabitatHR,2011-02-07 20:22:00
adehabitatHS,2011-02-07 20:22:00
adehabitatLT,2011-02-07 20:22:00
adehabitatMA,2011-02-07 20:22:00
adephylo,2009-11-05 21:05:00
adimpro,2006-10-27 17:14:00
adk,2008-01-23 09:46:00
adlift,2005-04-02 09:49:00
ads,2007-03-30 12:29:00
afc,2009-02-18 14:37:00
afmtools,2011-03-21 18:32:00
agilp,2010-03-15 00:00:00
agricolae,2006-12-10 16:10:00
agridat,2011-04-27 11:21:00
agsemisc,2006-05-29 09:45:00
ahaz,2011-05-17 00:00:00
akima,1998-08-20 12:54:00
alabama,2010-07-26 11:32:00
allan,2010-06-23 10:05:00
allanvar,2011-05-23 00:00:00
allelic,2006-05-24 00:00:00
alphahull,2009-03-28 12:58:00
alr3,2004-12-03 09:31:00
amap,2002-11-30 09:55:00
amba,2009-11-20 08:53:00
amei,2008-12-05 09:54:00
amer,2009-08-31 19:39:00
anacor,2007-12-21 10:24:00
analogue,2006-12-07 18:52:00
anapuce,2008-03-27 13:22:00
anchors,2009-07-19 19:05:00
andrews,2010-06-06 00:00:00
anesrake,2010-05-07 10:56:00
animation,2007-11-11 21:02:00
anm,2003-04-11 10:24:00
ant,2009-09-07 20:53:00
aod,2005-06-08 11:44:00
apTreeshape,2005-09-06 23:47:00
apcluster,2010-03-02 17:57:00
ape,2002-08-31 10:58:00
aplpack,2006-04-15 00:00:00
approximator,2009-07-18 17:35:00
apsrtable,2008-08-22 13:12:00
apt,2011-02-05 00:00:00
aqp,2010-05-09 18:24:00
aratio,2010-09-11 11:11:00
archetypes,2008-12-11 10:16:00
ares,2010-08-25 11:37:00
argosfilter,2007-08-14 13:02:00
arm,2007-01-01 15:22:00
aroma.affymetrix,2009-06-29 20:32:00
aroma.apd,2009-06-14 21:07:00
aroma.cn,2010-05-16 18:15:00
aroma.core,2009-06-16 08:40:00
aroma.light,2009-11-11 14:10:00
arrayImpute,2007-03-01 00:00:00
arrayMissPattern,2007-02-20 00:00:00
ars,2007-02-28 15:33:00
arules,2005-04-15 16:22:00
arulesNBMiner,2009-03-27 11:44:00
arulesSequences,2007-06-27 13:33:00
arulesViz,2010-12-17 08:49:00
asbio,2010-01-04 21:32:00
ascii,2009-04-04 22:40:00
asd,2010-01-18 00:00:00
ash,1999-04-21 18:28:00
aspace,2006-05-30 09:58:00
aspect,2009-03-14 12:08:00
assist,2004-02-13 23:22:00
aster,2005-07-20 11:06:00
aster2,2010-11-03 00:00:00
asympTest,2008-10-21 18:13:00
asypow,2003-11-12 09:01:00
atmi,2009-10-07 00:00:00
audio,2008-09-29 09:10:00
audit,2011-04-12 00:00:00
automap,2009-03-19 13:52:00
aws,2002-02-15 07:41:00
aylmer,2008-11-13 09:00:00
B2Z,2010-02-23 16:54:00
BACCO,2005-10-21 12:25:00
BAMD,2009-04-21 08:57:00
BARD,2007-09-14 08:11:00
BAS,2009-03-02 10:05:00
BAYSTAR,2008-01-07 12:23:00
BB,2008-04-22 09:36:00
BBMM,2010-05-07 16:15:00
BCA,2011-03-01 08:31:00
BCE,2008-05-08 13:21:00
BGSIMD,2009-03-04 00:00:00
BHH2,2005-03-15 10:46:00
BLCOP,2008-08-20 15:14:00
BLR,2010-04-08 08:07:00
BMA,2005-05-03 09:29:00
BMN,2009-03-26 09:29:00
BMS,2010-07-26 13:48:00
BPHO,2008-02-21 20:55:00
BSDA,2006-02-08 13:07:00
BSagri,2008-11-04 20:48:00
BTSPAS,2010-02-11 20:47:00
BaBooN,2011-01-06 21:10:00
BaM,2008-07-09 11:15:00
BayHap,2010-11-17 00:00:00
BayHaz,2007-01-09 21:11:00
BayesDA,2009-01-30 08:55:00
BayesQTLBIC,2009-10-30 08:56:00
BayesTree,2006-01-05 16:27:00
BayesValidate,2006-03-30 00:00:00
BayesX,2009-03-11 18:02:00
Bchron,2008-02-21 20:55:00
Benchmarking,2010-09-12 10:10:00
Bergm,2009-12-07 11:53:00
Bessel,2011-01-15 00:00:00
Bhat,2002-01-09 12:48:00
BiGGR,2011-04-13 00:00:00
BiasedUrn,2006-11-13 10:26:00
BioIDMapper,2008-03-05 18:58:00
BioMark,2011-02-08 00:00:00
BioPhysConnectoR,2010-02-16 10:56:00
BioStatR,2009-12-14 20:58:00
Biodem,2005-04-25 13:50:00
BiodiversityR,2007-07-28 18:48:00
Biograph,2011-01-26 00:00:00
BiomarkeR,2011-06-01 18:15:00
BiplotGUI,2008-08-13 16:23:00
BlakerCI,2010-11-28 07:24:00
Bmix,2009-10-27 08:23:00
BoSSA,2009-12-11 08:03:00
Bolstad,2005-02-24 11:39:00
Bolstad2,2009-11-06 11:17:00
BoolNet,2009-11-16 08:44:00
BootPR,2008-04-20 21:05:00
Boruta,2009-12-06 11:08:00
BradleyTerry,2004-01-22 15:04:00
BradleyTerry2,2010-02-23 17:18:00
Brobdingnag,2007-01-09 21:11:00
BsMD,2004-02-16 21:22:00
backfitRichards,2008-03-28 15:59:00
backtest,2006-08-03 12:31:00
bark,2008-07-16 00:00:00
base64,2010-04-04 00:00:00
baseline,2011-01-10 00:00:00
basicspace,2011-01-26 00:00:00
batch,2009-12-17 18:17:00
bayesDem,2010-10-07 13:25:00
bayesGARCH,2008-06-03 14:36:00
bayesLife,2011-01-21 09:46:00
bayesQR,2011-04-01 23:06:00
bayesSurv,2004-12-27 13:49:00
bayesTFR,2010-10-05 10:23:00
bayesclust,2009-01-14 19:11:00
bayescount,2007-08-27 16:32:00
bayesm,2005-04-15 08:49:00
bayesmix,2004-05-19 10:00:00
bayespack,2011-02-17 14:07:00
bayespref,2011-05-21 00:00:00
bbemkr,2010-11-05 08:13:00
bbmle,2007-02-20 10:16:00
bclust,2009-08-04 16:22:00
bcp,2006-11-13 10:26:00
bcv,2009-10-15 00:00:00
bdoc,2009-09-22 10:22:00
bdsmatrix,2009-09-20 00:00:00
beadarrayMSV,2010-09-03 09:42:00
beanplot,2008-11-06 00:00:00
bear,2008-07-11 18:57:00
beeswarm,2010-10-07 00:00:00
belief,2010-12-04 11:16:00
benchden,2007-06-26 16:52:00
benchmark,2010-06-19 18:45:00
bentcableAR,2008-04-29 08:49:00
ber,2010-08-14 18:54:00
bestglm,2009-08-27 09:37:00
betaper,2008-06-09 08:56:00
betareg,2004-04-01 15:13:00
bethel,2009-03-27 11:52:00
bfast,2009-12-14 20:58:00
bfp,2010-09-22 16:59:00
bgmm,2011-01-31 21:05:00
biGraph,2011-01-26 00:00:00
biOps,2007-08-14 09:50:00
biOpsGUI,2007-12-07 09:41:00
bibtex,2009-12-11 19:07:00
biclust,2008-02-05 10:41:00
bifactorial,2007-12-07 08:53:00
biganalytics,2010-05-06 07:39:00
biglars,2010-01-05 11:05:00
biglm,2006-05-17 08:45:00
bigmemory,2008-06-23 09:54:00
bigtabulate,2010-05-06 07:39:00
bild,2010-06-06 00:00:00
binGroup,2007-02-11 13:41:00
binMto,2007-08-25 18:48:00
binarySimCLF,2009-04-23 00:00:00
bindata,1999-05-19 16:46:00
binhf,2010-03-16 00:00:00
binom,2006-08-11 19:08:00
binomSamSize,2009-05-18 12:17:00
bio.infer,2007-06-24 17:03:00
biopara,2005-04-22 17:33:00
bipartite,2007-12-03 11:29:00
bise,2008-06-01 00:00:00
bisoreg,2010-12-15 00:00:00
bit,2008-10-09 08:43:00
bitops,2005-01-28 09:13:00
bivarRIpower,2010-12-03 00:00:00
biwt,2009-08-28 00:00:00
blender,2010-12-22 00:00:00
blighty,2001-04-18 22:37:00
blockTools,2007-08-25 18:48:00
blockmodeling,2008-11-17 15:39:00
blockrand,2006-08-19 09:04:00
bmd,2008-06-05 11:30:00
bmem,2011-04-28 00:00:00
bnlearn,2007-09-21 17:18:00
boa,2004-04-19 23:41:00
boolean,2003-07-16 07:47:00
boolfun,2009-12-14 08:46:00
boot,1999-04-08 13:03:00
bootRes,2009-06-24 16:04:00
bootStepAIC,2007-05-07 12:16:00
bootruin,2010-03-26 12:17:00
bootspecdens,2009-01-21 10:44:00
bootstrap,2000-12-06 10:09:00
bpca,2008-08-17 10:31:00
bqtl,2001-03-02 09:07:00
brainwaver,2006-12-14 12:07:00
brew,2007-06-16 20:17:00
brglm,2008-02-25 08:43:00
bs,2007-09-27 00:00:00
bsml,2011-05-15 00:00:00
bspec,2008-04-23 11:09:00
bst,2011-03-31 00:00:00
bujar,2011-04-01 00:00:00
bvls,2007-12-03 19:41:00
bvpSolve,2009-07-01 16:47:00
CADFtest,2008-12-29 10:52:00
CADStat,2008-07-07 14:49:00
CAVIAR,2010-03-11 17:37:00
CCA,2007-02-20 22:41:00
CCM,2011-04-23 00:00:00
CCMtools,2010-02-26 00:00:00
CCP,2009-12-17 00:00:00
CDFt,2009-06-02 19:15:00
CDNmoney,2003-10-31 13:05:00
CDVine,2011-04-23 22:53:00
CFL,2010-08-31 00:00:00
CGIwithR,2002-10-28 22:34:00
CGene,2011-01-05 07:17:00
CHNOSZ,2009-04-23 09:11:00
CHsharp,2008-07-30 00:00:00
CITAN,2011-02-28 10:27:00
CMC,2010-04-09 00:00:00
CNVassoc,2010-06-04 20:17:00
COMPoissonReg,2010-05-25 19:08:00
COP,2009-09-18 22:14:00
CORElearn,2009-09-20 22:07:00
CORREP,2007-03-25 21:12:00
COSINE,2010-11-29 20:39:00
COUNT,2010-09-12 10:10:00
COZIGAM,2008-03-21 20:23:00
CPE,2008-01-09 18:13:00
CRTSize,2011-02-03 00:00:00
CTT,2008-09-03 00:00:00
CVThresh,2006-03-13 10:14:00
Cairo,2007-04-18 16:44:00
CalciOMatic,2009-06-08 18:48:00
CarbonEL,2007-08-25 00:00:00
CausalGAM,2009-11-08 11:24:00
CellularAutomaton,2007-11-26 00:00:00
ChainLadder,2007-12-07 09:41:00
ChemoSpec,2011-03-27 00:00:00
ChemometricsWithR,2011-02-17 00:00:00
ChemometricsWithRData,2011-02-17 00:00:00
CircNNTSR,2009-09-09 09:25:00
CircSpatial,2009-09-21 08:50:00
CircStats,2002-02-21 16:03:00
Ckmeans.1d.dp,2010-10-26 14:09:00
ClinicalRobustPriors,2009-05-05 20:43:00
ClustOfVar,2010-12-01 00:00:00
CoCo,2004-08-26 19:19:00
CoCoCg,2010-03-19 00:00:00
CoCoGraph,2010-03-19 00:00:00
CollocInfer,2010-05-17 10:59:00
CombMSC,2008-02-26 00:00:00
CommonJavaJars,2011-05-17 00:00:00
CompQuadForm,2010-06-22 10:28:00
CompRandFld,2010-06-25 20:12:00
CompareTests,2011-04-04 00:00:00
CompetingRiskFrailty,2006-08-11 19:06:00
ConvCalendar,2009-01-08 18:00:00
ConvergenceConcepts,2008-08-11 16:15:00
CorrBin,2010-01-07 00:00:00
Covpath,2011-03-27 00:00:00
CoxBoost,2008-01-11 18:32:00
Cprob,2009-11-29 18:22:00
CreditMetrics,2007-11-22 17:36:00
Cubist,2011-04-27 20:55:00
CvM2SL1Test,2008-09-09 12:35:00
CvM2SL2Test,2008-08-08 14:16:00
c3net,2011-01-27 10:53:00
cMonkey,2010-10-19 09:31:00
ca,2007-07-28 18:49:00
caGUI,2009-10-04 17:43:00
caMassClass,2005-05-12 13:33:00
caTools,2005-06-17 21:05:00
cacheSweave,2006-09-29 23:34:00
cacher,2007-11-20 20:21:00
cairoDevice,2006-09-21 10:22:00
calib,2007-10-11 10:24:00
calibrate,2006-01-21 12:57:00
calibrator,2009-07-23 07:39:00
candisc,2008-04-14 20:16:00
canvas,2009-04-03 11:41:00
caper,2011-06-03 00:00:00
car,2001-05-01 10:36:00
care,2010-08-08 00:00:00
caret,2007-10-05 12:21:00
caroline,2009-09-07 11:37:00
caschrono,2011-03-07 12:33:00
caspar,2010-12-04 00:00:00
cat,2003-10-02 14:00:00
catR,2010-06-14 08:55:00
catmap,2007-06-10 21:49:00
catnet,2010-03-08 11:34:00
catspec,2004-08-27 15:32:00
cba,2005-09-07 17:36:00
cccd,2010-11-04 20:01:00
ccems,2009-03-06 12:50:00
ccgarch,2008-09-10 14:27:00
cclust,1999-04-26 18:17:00
cellVolumeDist,2009-02-09 09:06:00
cem,2008-08-20 13:22:00
cems,2011-03-26 00:00:00
censReg,2010-08-25 12:07:00
cfa,2000-05-13 13:54:00
cg,2010-12-20 00:00:00
cgdsr,2010-12-09 21:32:00
cggd,2007-10-30 00:00:00
cgh,2006-10-27 19:55:00
cghFLasso,2007-08-09 09:57:00
changeLOS,2005-01-25 11:06:00
changepoint,2011-01-25 08:42:00
charlson,2010-08-12 00:00:00
cheb,2008-02-19 00:00:00
chemCal,2006-06-26 09:40:00
chemometrics,2008-04-09 09:11:00
cherry,2010-10-18 10:31:00
choplump,2007-09-04 21:06:00
chplot,2004-09-17 16:49:00
chron,1999-04-10 19:47:00
cimis,2009-07-30 16:10:00
circular,2004-05-26 14:25:00
citbcmst,2011-02-26 09:21:00
clValid,2007-06-05 09:58:00
clac,2004-10-22 09:37:00
class,2009-05-08 13:25:00
classGraph,2007-06-28 21:02:00
classInt,2006-03-10 15:32:00
classifly,2006-10-26 18:37:00
clim.pact,2003-02-03 16:32:00
climatol,2004-12-03 09:34:00
clime,2011-02-03 00:00:00
clinfun,2007-02-25 10:37:00
clinsig,2009-01-20 21:44:00
clue,2004-12-29 20:58:00
clues,2009-02-12 17:43:00
clustTool,2006-11-09 10:59:00
cluster,1999-04-12 07:53:00
clusterCons,2010-03-09 20:28:00
clusterGeneration,2006-11-13 10:23:00
clusterPower,2011-06-02 00:00:00
clusterRepro,2006-02-22 09:39:00
clusterSim,2007-02-17 09:57:00
clusterfly,2007-06-17 22:02:00
clustsig,2010-09-01 00:00:00
clustvarsel,2006-03-20 09:52:00
clv,2007-07-10 15:48:00
cmaes,2010-05-25 19:08:00
cmm,2009-06-03 19:31:00
cmprsk,2001-03-12 19:35:00
cmprskContin,2009-06-18 09:28:00
cmrutils,2009-06-16 08:40:00
cncaGUI,2011-01-25 00:00:00
coarseDataTools,2010-04-09 19:30:00
cobs,2002-04-28 09:58:00
cobs99,2006-10-02 22:01:00
cocorresp,2005-11-10 19:00:00
coda,1999-06-04 09:54:00
codep,2010-02-03 00:00:00
codetools,2007-02-25 10:34:00
coenoflex,2010-01-08 00:00:00
coin,2005-02-25 18:34:00
colbycol,2009-07-18 17:40:00
colcor,2010-11-14 00:00:00
colorRamps,2007-04-06 13:42:00
colorspace,2005-01-20 12:38:00
combinat,2002-02-01 20:46:00
compHclust,2008-02-14 20:46:00
compOverlapCorr,2006-07-25 00:00:00
compare,2008-06-16 08:49:00
compareGroups,2010-07-29 11:21:00
compeir,2011-03-09 00:00:00
compoisson,2008-05-20 00:00:00
compositions,2005-06-10 17:57:00
compute.es,2010-03-23 08:26:00
concor,2004-12-10 18:34:00
concord,2003-12-03 09:05:00
concreg,2011-04-24 00:00:00
cond,2009-09-24 22:13:00
condGEE,2009-09-06 19:44:00
conf.design,2000-09-08 13:10:00
constrainedKriging,2010-07-29 11:13:00
contfrac,2008-04-24 11:05:00
contrast,2007-04-27 15:58:00
convexHaz,2008-09-10 08:56:00
copBasic,2011-02-19 00:00:00
copas,2008-05-14 10:16:00
copula,2005-07-26 10:33:00
copulaedas,2011-05-24 00:00:00
corcounts,2008-11-09 10:22:00
corpcor,2005-08-20 23:36:00
corpora,2005-10-26 23:46:00
corrgram,2006-12-01 00:00:00
corrperm,2008-03-24 22:32:00
corrplot,2010-04-10 18:47:00
corrsieve,2010-08-01 11:35:00
cosso,2010-12-13 00:00:00
costat,2010-08-31 00:00:00
countrycode,2009-06-03 19:31:00
covRobust,2003-12-04 00:00:00
coxme,2009-09-20 22:07:00
coxphf,2007-04-11 10:21:00
coxphw,2008-05-25 21:19:00
coxrobust,2006-03-15 00:00:00
cramer,2001-04-12 18:18:00
crank,2008-01-15 14:12:00
crantastic,2009-08-08 00:00:00
crawl,2008-12-18 09:27:00
crmn,2009-11-30 15:27:00
crossdes,2004-05-18 20:50:00
crosshybDetector,2007-07-30 22:04:00
crossmatch,2010-10-23 00:00:00
crrSC,2011-03-09 00:00:00
cshapes,2009-08-13 10:58:00
cslogistic,2005-06-22 00:00:00
cthresh,2010-03-17 00:00:00
ctv,2005-03-07 10:06:00
cubature,2009-12-20 00:00:00
cudaBayesreg,2009-10-19 19:01:00
cudaBayesregData,2010-09-08 00:00:00
cumSeg,2010-08-05 00:00:00
curvHDR,2010-11-17 00:00:00
curvetest,2008-09-19 00:00:00
cusp,2009-11-06 00:00:00
cwhmisc,2006-02-26 21:33:00
cyclones,2004-11-04 16:32:00
DAAG,2003-07-29 13:28:00
DAAGbio,2007-03-30 11:05:00
DAAGxtras,2006-12-22 14:08:00
DAGGER,2011-02-19 10:11:00
DAKS,2009-02-26 16:14:00
DALY,2011-03-24 00:00:00
DAMisc,2010-05-19 00:00:00
DART,2011-05-26 00:00:00
DARTData,2011-05-25 00:00:00
DBGSA,2011-05-12 06:27:00
DBI,2001-12-19 17:39:00
DCGL,2010-08-19 07:39:00
DCluster,2004-03-26 08:51:00
DDHFm,2005-10-19 19:41:00
DECIDE,2010-11-27 00:00:00
DEMEtics,2010-02-11 13:18:00
DEoptim,2005-08-09 10:37:00
DIME,2011-03-10 00:00:00
DMwR,2010-11-26 17:36:00
DNAtools,2010-12-06 08:48:00
DOBAD,2011-01-03 00:00:00
DOSim,2010-04-28 09:25:00
DPpackage,2006-05-19 22:39:00
DRI,2009-08-05 07:17:00
DSpat,2009-05-06 14:00:00
DTDA,2009-09-21 08:51:00
DTK,2009-02-27 08:40:00
Daim,2009-06-24 00:00:00
DatABEL,2010-03-07 18:09:00
Davies,2003-02-27 19:16:00
Deducer,2009-06-14 20:50:00
DeducerExtras,2010-08-13 07:04:00
DeducerMMR,2011-01-24 20:02:00
DeducerPlugInExample,2010-03-12 12:30:00
DeducerPlugInScaling,2010-09-09 19:10:00
Defaults,2007-07-23 11:26:00
Depela,2009-01-20 00:00:00
DescribeDisplay,2006-04-06 14:38:00
Design,2003-07-29 19:45:00
DesignPatterns,2009-10-23 20:05:00
Devore5,2000-02-02 08:04:00
Devore6,2003-07-26 19:12:00
Devore7,2007-03-08 10:37:00
DiagnosisMed,2008-07-05 17:40:00
DiceDesign,2010-02-18 00:00:00
DiceEval,2010-03-11 00:00:00
DiceKriging,2010-02-23 08:33:00
DiceOptim,2010-03-10 15:55:00
DiceView,2010-11-26 00:00:00
DierckxSpline,2008-01-01 15:27:00
DistributionUtils,2010-03-01 07:57:00
DiversitySampler,2009-07-24 08:04:00
DoE.base,2009-05-25 21:08:00
DoE.wrapper,2009-08-21 18:02:00
DoseFinding,2010-03-08 16:39:00
dae,2010-02-05 12:52:00
dafs,2010-07-29 11:13:00
dagR,2010-02-24 09:30:00
darts,2011-01-20 00:00:00
data.table,2006-04-15 00:03:00
dataframes2xls,2008-06-08 17:33:00
datamap,2009-12-03 00:00:00
dataview,2011-01-06 21:10:00
date,1999-05-03 07:55:00
dbConnect,2011-01-03 00:00:00
dbEmpLikeGOF,2011-02-11 17:00:00
dblcens,2002-03-08 17:35:00
dcemriS4,2009-12-28 12:33:00
dclone,2009-11-05 21:29:00
dcv,2010-12-06 00:00:00
ddepn,2010-09-19 19:37:00
ddesolve,2007-05-06 20:28:00
ddst,2008-08-08 21:40:00
deSolve,2008-06-01 20:56:00
deal,2002-09-19 21:53:00
debug,2004-01-22 15:04:00
decon,2010-03-23 08:27:00
deducorrect,2011-02-26 09:22:00
degenes,2010-05-01 00:00:00
degreenet,2008-01-16 10:15:00
deldir,2002-02-24 18:09:00
delftfews,2010-07-09 10:50:00
delt,2006-05-19 22:38:00
demography,2010-08-12 13:22:00
denpro,2005-11-17 17:18:00
denstrip,2008-08-17 10:31:00
depmix,2005-06-02 09:55:00
depmixS4,2008-03-26 22:25:00
depth,2008-10-27 20:43:00
depthTools,2011-03-14 00:00:00
descr,2009-06-08 08:55:00
desirability,2007-04-26 19:55:00
desire,2009-09-22 00:00:00
detrendeR,2011-01-03 00:00:00
devEMF,2011-04-24 08:07:00
dfcrm,2008-08-20 16:38:00
dfoptim,2011-02-06 10:19:00
dglm,2005-09-15 15:25:00
diagram,2008-02-21 20:58:00
diamonds,2001-07-11 19:57:00
dice,2007-09-14 08:11:00
dichromat,2002-05-24 18:14:00
dicionariosIBGE,2010-06-08 18:05:00
difR,2009-09-23 22:11:00
diff,2011-01-19 04:35:00
diffractometry,2008-06-13 16:11:00
diffusionMap,2009-05-08 13:04:00
digeR,2009-06-20 11:52:00
digest,2003-11-29 21:49:00
digitize,2010-03-08 00:00:00
diptest,2003-07-15 20:32:00
directlabels,2010-11-26 17:37:00
dirmult,2009-06-22 10:34:00
discretization,2010-12-03 09:32:00
diseasemapping,2009-04-17 21:06:00
dismo,2010-07-26 23:43:00
dispmod,2003-02-07 13:58:00
distory,2010-06-08 00:00:00
distr,2004-04-22 19:21:00
distrDoc,2006-11-28 10:16:00
distrEllipse,2009-11-03 14:49:00
distrEx,2005-10-21 12:27:00
distrMod,2008-09-14 19:50:00
distrSim,2005-10-21 12:26:00
distrTEst,2005-10-21 12:27:00
distrTeach,2008-09-12 16:38:00
divagis,2008-09-18 00:00:00
diveMove,2006-04-20 09:19:00
diversitree,2010-12-16 10:31:00
divisors,2010-09-24 08:46:00
dixon,2010-09-15 00:00:00
dlm,2006-08-25 10:14:00
dlmap,2008-11-14 17:48:00
dlmodeler,2011-01-04 08:28:00
dlnm,2009-07-01 19:19:00
dmt,2011-02-17 14:07:00
doBy,2006-02-21 13:40:00
doMC,2009-06-27 10:16:00
doMPI,2009-12-09 09:53:00
doRedis,2010-05-03 20:58:00
doSMP,2011-03-01 00:00:00
doSNOW,2009-08-21 07:15:00
dpa,2010-10-15 00:00:00
dplR,2007-09-02 11:13:00
dpmixsim,2010-04-29 11:21:00
dr,2002-01-18 17:13:00
drc,2005-12-14 15:37:00
drfit,2004-07-23 15:37:00
drm,2007-02-13 12:11:00
dse,2000-04-21 14:28:00
dse1,2009-10-13 00:00:00
dse2,2009-10-13 00:00:00
dti,2008-05-21 18:25:00
dtt,2007-02-26 00:00:00
dtw,2007-12-02 10:46:00
dummies,2009-08-21 07:15:00
dvfBm,2009-11-22 00:00:00
dyad,2009-03-24 00:00:00
dyn,2005-05-21 21:45:00
dynCorr,2009-02-03 00:00:00
dynGraph,2009-05-17 18:22:00
dynaTree,2010-06-02 12:25:00
dynamicGraph,2004-01-30 19:01:00
dynamicTreeCut,2008-04-04 08:31:00
dynamo,2008-05-26 08:51:00
dynlm,2005-04-27 10:36:00
EDR,2007-11-20 19:53:00
EMA,2010-10-12 00:00:00
EMD,2008-03-29 21:53:00
EMJumpDiffusion,2009-04-16 12:29:00
EMT,2010-04-02 00:00:00
ENmisc,2011-01-03 00:00:00
EQL,2009-09-28 00:00:00
ESPRESSO,2011-03-17 00:00:00
ETC,2008-01-14 15:21:00
EVER,2008-09-12 20:07:00
EbayesThresh,2005-03-26 22:42:00
Ecdat,2005-03-01 09:14:00
ElectroGraph,2009-06-28 18:48:00
ElemStatLearn,2005-10-07 22:48:00
EnQuireR,2009-06-14 20:50:00
EngrExpt,2009-04-15 09:32:00
Epi,2005-05-10 10:00:00
EquiNorm,2010-06-04 15:47:00
EuclideanMaps,2011-01-12 00:00:00
EvalEst,2009-10-13 10:19:00
ExPD2D,2009-05-08 00:00:00
e1071,1999-06-07 11:52:00
eRm,2006-09-13 17:34:00
eVenn,2010-06-25 14:03:00
eaf,2011-02-20 00:00:00
earth,2007-04-19 16:13:00
eba,2004-07-21 07:29:00
ebdbNet,2009-11-11 08:42:00
ecespa,2007-11-04 21:13:00
eco,2004-12-21 12:20:00
ecodist,2006-04-09 22:40:00
ecolMod,2008-06-12 11:50:00
ecoreg,2010-08-25 00:00:00
edci,2004-09-28 09:50:00
editrules,2011-01-31 18:19:00
edrGraphicalTools,2010-04-27 00:00:00
edtdbg,2010-01-22 00:00:00
effects,2003-04-27 20:28:00
egarch,2010-10-19 00:00:00
egonet,2010-04-07 00:00:00
eha,2003-06-11 21:18:00
eiPack,2006-06-06 22:33:00
eigenmodel,2007-06-27 00:00:00
el.convex,2009-10-18 00:00:00
elasticnet,2004-12-07 11:12:00
ellipse,2000-08-19 22:50:00
elliptic,2005-07-14 15:22:00
elrm,2006-11-20 09:13:00
emdbook,2007-01-22 20:08:00
emg,2010-08-31 00:00:00
emme2,2003-06-14 01:00:00
emoa,2010-05-17 16:49:00
emplik,2001-11-26 07:56:00
emplik2,2009-04-28 09:56:00
emu,2008-02-16 14:56:00
emulator,2009-07-18 17:41:00
endogMNP,2009-06-22 09:28:00
energy,2004-02-06 09:42:00
english,2011-01-03 00:00:00
enrichvs,2011-04-27 11:21:00
ensembleBMA,2006-02-08 13:07:00
entropy,2008-09-03 09:52:00
envelope,2010-04-05 00:00:00
epiR,2008-03-24 22:33:00
epibasix,2007-07-28 18:49:00
epicalc,2006-11-23 11:57:00
epinet,2010-01-17 11:52:00
epitools,2004-11-09 09:23:00
epoc,2011-04-05 16:47:00
epsi,2004-09-28 09:52:00
eqtl,2008-09-01 21:20:00
equate,2009-11-01 18:33:00
equivalence,2006-02-08 13:07:00
erer,2011-02-04 00:00:00
ergm,2008-01-14 15:15:00
ergm.userterms,2011-02-03 00:00:00
esd4all,2009-10-26 20:27:00
esotericR,2011-01-15 00:00:00
estout,2009-05-28 09:13:00
etm,2008-07-15 21:40:00
evaluate,2010-07-24 22:15:00
evd,2002-02-01 20:46:00
evdbayes,2004-06-03 07:37:00
evir,2004-05-05 11:31:00
exact2x2,2009-07-22 14:45:00
exactLoglinTest,2003-07-29 16:50:00
exactRankTests,2001-02-20 21:50:00
exactci,2010-01-27 11:51:00
exactmaxsel,2006-05-10 11:47:00
exams,2008-11-10 13:30:00
expectreg,2010-03-16 18:06:00
experiment,2007-06-22 11:51:00
expert,2008-07-18 09:37:00
expm,2010-07-08 20:31:00
expsmooth,2009-09-07 00:00:00
extRemes,2004-03-19 23:27:00
extfunnel,2011-01-31 18:19:00
extracat,2010-01-19 19:14:00
extremevalues,2009-12-03 12:43:00
eyetracking,2011-05-26 07:32:00
ez,2009-04-26 20:47:00
FAMT,2010-05-12 09:21:00
FAdist,2011-03-27 00:00:00
FAiR,2008-02-01 12:36:00
FAmle,2011-03-27 11:07:00
FAwR,2010-09-12 10:10:00
FBN,2009-04-16 12:19:00
FD,2009-04-16 10:42:00
FEST,2009-07-18 17:22:00
FGN,2007-11-23 09:22:00
FITSio,2008-08-06 17:31:00
FKF,2009-02-12 09:13:00
FLLat,2011-06-05 00:00:00
FME,2009-09-18 22:15:00
FNN,2010-03-17 09:35:00
FRB,2009-05-13 21:16:00
FRBData,2011-04-23 22:54:00
FSelector,2009-05-06 19:14:00
FTICRMS,2008-05-26 08:51:00
FactoClass,2008-11-06 11:42:00
FactoMineR,2006-04-11 17:14:00
Fahrmeir,2005-04-22 17:34:00
FeaLect,2010-11-03 00:00:00
FieldSim,2007-09-13 18:49:00
FinTS,2007-12-18 20:29:00
FisherEM,2011-05-11 17:03:00
FitAR,2008-03-02 14:50:00
FitARMA,2010-08-15 06:46:00
Flury,2006-06-16 16:09:00
Formula,2008-12-19 20:54:00
FourierDescriptors,2010-09-05 00:00:00
FrF2,2007-12-16 15:45:00
FrF2.catlg128,2010-04-25 18:00:00
FracSim,2005-11-29 21:03:00
FunCluster,2006-03-07 08:30:00
FunNet,2008-04-03 08:58:00
FuncMap,2010-12-21 00:00:00
fANCOVA,2010-10-20 00:00:00
fArma,2007-10-02 13:16:00
fAsianOptions,2007-10-02 13:16:00
fAssets,2007-10-08 21:57:00
fBasics,2004-07-04 16:23:00
fBonds,2007-10-02 13:17:00
fCalendar,2005-04-20 10:04:00
fCertificates,2010-05-16 00:00:00
fCopulae,2007-07-10 11:22:00
fEcofin,2006-10-11 12:49:00
fExoticOptions,2007-10-02 13:18:00
fExtremes,2004-07-04 16:23:00
fGarch,2007-10-02 13:18:00
fImport,2007-10-02 13:18:00
fMultivar,2005-04-20 10:06:00
fNonlinear,2007-10-08 21:58:00
fOptions,2004-07-04 16:23:00
fPortfolio,2005-04-20 10:07:00
fRegression,2007-10-02 13:22:00
fSeries,2004-07-04 16:23:00
fTrading,2007-10-02 13:22:00
fUnitRoots,2007-10-02 13:22:00
fUtilities,2007-10-02 13:22:00
factorQR,2010-09-29 00:00:00
factualR,2011-01-03 00:00:00
fame,2006-12-17 19:59:00
far,2005-01-14 09:31:00
faraway,2004-08-01 13:24:00
farmR,2009-09-07 19:57:00
fast,2009-03-27 00:00:00
fastICA,2001-08-10 15:16:00
fastR,2010-11-27 08:19:00
fastVAR,2011-05-09 09:56:00
fastcluster,2011-03-16 21:03:00
fastmatch,2010-12-23 00:00:00
favir,2010-04-04 19:16:00
fbati,2008-05-25 21:20:00
fda,2003-12-23 16:55:00
fda.usc,2011-01-10 15:37:00
fdim,2000-03-23 19:00:00
fdrtool,2006-08-12 13:42:00
fds,2009-10-08 14:41:00
fdth,2010-05-22 07:23:00
feature,2006-08-19 09:02:00
fechner,2009-02-16 20:06:00
ff,2007-11-03 19:34:00
ffbase,2011-04-07 00:00:00
ffmanova,2006-08-19 09:05:00
fftw,2010-01-29 08:52:00
fgac,2006-02-08 13:07:00
fgui,2008-05-25 21:20:00
fields,2001-07-27 16:31:00
filehash,2005-06-29 16:45:00
filehashSQLite,2006-11-09 11:13:00
financial,2006-04-11 00:00:00
fingerprint,2006-09-29 13:30:00
fisheyeR,2010-01-28 00:00:00
fishmethods,2009-01-15 16:39:00
fit4NM,2009-01-20 08:41:00
fitdistrplus,2009-02-16 15:55:00
flashClust,2009-02-05 10:15:00
flexCrossHaz,2010-03-23 20:33:00
flexclust,2005-06-09 16:36:00
flexmix,2003-07-09 12:36:00
flsa,2009-09-28 12:35:00
flubase,2009-05-24 00:00:00
flux,2011-04-11 00:00:00
fma,2009-09-07 00:00:00
fmri,2006-06-06 16:02:00
fmsb,2010-08-25 14:56:00
foba,2008-11-08 00:00:00
foreach,2009-06-27 10:16:00
forecast,2009-09-07 11:38:00
foreign,1999-12-17 08:05:00
forensic,2007-06-11 00:00:00
forensim,2009-10-26 20:27:00
fork,2003-12-19 18:03:00
formatR,2010-03-22 10:49:00
fortunes,2004-05-22 08:01:00
forward,2003-07-04 13:33:00
fossil,2008-09-28 21:30:00
fpc,2003-06-28 21:10:00
fpca,2008-03-24 22:33:00
fpow,2009-03-01 00:00:00
fpp,2011-06-05 00:00:00
fptdApprox,2010-04-09 00:00:00
fracdiff,1999-05-19 17:11:00
fractal,2007-09-06 20:14:00
fractaldim,2011-02-26 00:00:00
fractalrock,2009-06-08 08:55:00
frailtyHL,2011-02-06 00:00:00
frailtypack,2005-02-22 10:39:00
frbf,2009-09-03 21:32:00
freqMAP,2009-06-03 19:31:00
frontier,2008-10-16 13:18:00
fso,2007-07-16 22:05:00
ftnonpar,2003-09-16 18:46:00
fts,2008-07-16 17:57:00
ftsa,2009-09-12 15:11:00
functional,2011-05-28 00:00:00
futile,2009-04-15 10:53:00
futile.any,2010-04-06 10:57:00
futile.logger,2010-04-06 10:57:00
futile.matrix,2010-04-06 10:57:00
futile.options,2010-04-06 00:00:00
futile.paradigm,2010-08-10 16:16:00
fuzzyFDR,2007-10-16 00:00:00
fuzzyOP,2008-07-07 14:49:00
fuzzyRankTests,2005-12-19 09:27:00
fwdmsa,2010-07-08 00:00:00
fxregime,2007-08-29 17:07:00
GA4Stratification,2011-02-11 00:00:00
GAD,2010-09-27 16:42:00
GAMBoost,2006-07-10 08:02:00
GAMens,2010-01-11 12:11:00
GANPA,2011-05-29 00:00:00
GANPAdata,2011-05-29 00:00:00
GB2,2011-01-06 00:00:00
GDD,2005-03-01 18:59:00
GEOmap,2008-01-23 09:20:00
GEVcdn,2010-04-18 19:37:00
GExMap,2008-09-05 17:30:00
GGMselect,2009-09-03 10:41:00
GGally,2010-02-01 20:26:00
GLDEX,2007-09-27 09:58:00
GOFSN,2009-06-22 00:00:00
GOSim,2006-12-11 11:05:00
GPArotation,2005-01-21 18:24:00
GPseq,2010-07-25 13:05:00
GRRGI,2009-01-14 19:11:00
GSA,2007-04-19 18:20:00
GSM,2007-08-09 15:00:00
GWAF,2009-09-06 19:44:00
GWASExactHW,2010-08-03 00:00:00
GWRM,2010-02-03 00:00:00
GenABEL,2007-02-13 21:54:00
GenKern,2000-05-08 19:25:00
GenSA,2011-03-21 15:00:00
GeneCycle,2006-08-11 19:07:00
GeneF,2007-08-25 00:00:00
GeneNet,2006-08-11 19:07:00
GeneReg,2009-06-07 15:08:00
Geneclust,2009-09-10 20:33:00
Geneland,2004-12-09 17:36:00
GeneralizedHyperbolic,2010-03-01 00:00:00
GeoXp,2006-10-23 16:51:00
GillespieSSA,2007-09-21 17:17:00
GrapheR,2011-01-24 19:41:00
GrassmannOptim,2009-12-13 00:00:00
GridR,2008-12-04 16:45:00
GriegSmith,2011-03-21 00:00:00
GroupSeq,2006-02-08 13:07:00
Guerry,2009-10-30 18:56:00
g.data,2001-12-01 11:13:00
gMCP,2010-09-30 20:58:00
gPdtest,2009-06-17 00:00:00
gRain,2008-01-22 14:28:00
gRapHD,2009-09-21 09:27:00
gRbase,2004-08-04 19:19:00
gRc,2007-12-21 09:16:00
gWidgets,2006-09-29 23:35:00
gWidgetsRGtk2,2006-09-29 23:35:00
gWidgetsWWW,2008-07-20 11:09:00
gWidgetstcltk,2007-07-12 16:41:00
gafit,2000-08-17 15:20:00
galts,2010-11-15 08:28:00
gam,2004-08-11 23:26:00
gamair,2005-12-02 14:06:00
games,2010-10-14 10:38:00
gamesNws,2009-10-06 00:00:00
gamlss,2005-06-24 18:24:00
gamlss.add,2009-11-22 17:17:00
gamlss.cens,2007-10-03 08:56:00
gamlss.data,2009-07-21 14:22:00
gamlss.demo,2010-05-25 19:08:00
gamlss.dist,2006-11-02 12:51:00
gamlss.mx,2007-05-02 11:25:00
gamlss.nl,2006-06-06 16:05:00
gamlss.tr,2006-06-01 09:39:00
gamlss.util,2009-11-22 17:17:00
gamm4,2009-09-08 00:27:00
gap,2004-01-14 08:11:00
gaussDiff,2010-07-30 00:00:00
gausspred,2009-08-25 00:00:00
gaussquad,2011-02-08 00:00:00
gbev,2006-08-19 09:05:00
gbm,2003-02-21 18:07:00
gbs,2008-05-06 00:00:00
gcExplorer,2009-01-13 19:18:00
gcbd,2010-09-15 13:58:00
gclus,2004-01-14 08:11:00
gcmrec,2005-04-10 23:13:00
gcolor,2009-10-30 00:00:00
gdata,2005-05-30 13:06:00
gdistance,2011-01-09 00:00:00
gdsfmt,2011-01-04 08:28:00
gee,1999-04-08 13:06:00
geepack,2002-09-19 21:53:00
geiger,2007-04-26 19:45:00
genalg,2005-02-07 20:07:00
geneARMA,2009-10-19 00:00:00
geneListPie,2009-10-08 00:00:00
genepi,2010-09-28 09:22:00
genetics,2002-11-13 21:28:00
genoPlotR,2010-05-19 12:46:00
genomatic,2010-01-06 00:00:00
geoPlot,2011-05-11 00:00:00
geoR,2001-05-28 08:22:00
geoRglm,2002-02-13 08:46:00
geofd,2010-06-11 11:04:00
geomapdata,2008-01-23 09:21:00
geometry,2005-06-08 18:48:00
geonames,2008-10-16 13:14:00
geophys,2010-05-16 18:20:00
geosphere,2010-02-09 10:16:00
geozoo,2008-01-11 19:44:00
getopt,2008-04-14 09:26:00
ggcolpairs,2011-02-16 12:36:00
ggm,2003-09-12 22:24:00
ggplot2,2007-06-01 14:27:00
ghyp,2007-02-28 15:33:00
giRaph,2005-09-19 09:54:00
gibbs.met,2008-03-24 22:33:00
glasso,2007-11-26 20:50:00
gld,2000-11-02 07:37:00
gllm,2002-03-18 15:11:00
glmc,2006-12-06 17:17:00
glmdm,2009-10-14 16:40:00
glmmAK,2007-06-12 20:20:00
glmmBUGS,2008-09-09 12:16:00
glmmML,2003-01-16 18:14:00
glmnet,2008-06-02 09:00:00
glmnetcr,2011-03-16 00:00:00
glmpath,2005-11-26 21:49:00
glmpathcr,2010-10-19 18:30:00
glmperm,2009-10-02 15:33:00
glmulti,2009-06-20 11:52:00
globalboosttest,2011-02-10 00:00:00
glpk,2005-06-17 18:31:00
glrt,2010-09-17 00:00:00
gmaps,2008-03-06 21:08:00
gmm,2008-10-19 18:59:00
gmodels,2005-06-02 17:15:00
gmp,2004-09-28 10:51:00
gmt,2005-09-30 19:23:00
gmvalid,2008-05-05 08:47:00
gnm,2005-06-29 16:46:00
gnumeric,2009-08-20 17:04:00
goalprog,2008-01-19 10:00:00
gof,2009-01-16 18:06:00
gogarch,2009-02-12 17:42:00
gooJSON,2011-01-30 00:00:00
googleVis,2010-12-03 09:32:00
gpclib,2003-01-08 09:38:00
gplots,2005-05-30 13:06:00
gpls,2004-03-14 21:03:00
gptk,2010-12-12 10:10:00
gputools,2009-04-19 20:07:00
grImport,2006-06-19 08:59:00
grade,2008-08-01 15:59:00
granova,2007-08-14 15:51:00
graphicsQC,2008-12-11 11:13:00
graphite,2011-05-30 00:00:00
gregmisc,2001-05-27 10:07:00
gridBase,2003-10-08 17:16:00
gridExtra,2010-06-20 09:55:00
grofit,2010-02-08 00:00:00
grouped,2005-08-08 10:54:00
grplasso,2006-08-21 21:43:00
grpreg,2008-11-24 10:27:00
grt,2010-07-27 09:43:00
gsDesign,2009-07-01 14:03:00
gsarima,2008-04-20 21:04:00
gsc,2010-06-15 10:50:00
gsl,2004-11-17 17:13:00
gss,1999-07-06 18:35:00
gstat,2003-02-04 16:24:00
gsubfn,2006-03-27 09:28:00
gtcorr,2011-05-09 09:56:00
gtools,2005-05-30 13:06:00
gumbel,2008-08-13 11:47:00
gvlma,2006-07-13 09:33:00
gwerAM,2011-05-30 00:00:00
HAPim,2008-07-07 14:50:00
HDMD,2009-11-05 00:00:00
HDclassif,2010-07-26 23:02:00
HFWutils,2007-09-02 20:07:00
HGLMMM,2010-02-24 16:03:00
HH,2006-09-23 08:32:00
HI,2003-10-27 23:40:00
HLMdiag,2011-03-22 00:00:00
HMM,2010-01-10 00:00:00
HMR,2009-09-28 12:38:00
HPbayes,2011-01-31 00:00:00
HSAUR,2006-02-01 19:13:00
HSAUR2,2009-07-16 17:27:00
HSROC,2011-03-28 00:00:00
HTMLUtils,2009-05-20 08:55:00
HWEBayes,2009-06-25 09:25:00
HWEintrinsic,2010-06-18 10:36:00
HadoopStreaming,2009-03-23 12:09:00
HapEstXXR,2010-08-06 00:00:00
Haplin,2009-05-27 10:59:00
HaploSim,2009-04-14 19:26:00
HardyWeinberg,2007-10-02 18:49:00
HiDimDA,2011-04-26 00:00:00
HiddenMarkov,2007-11-17 12:08:00
HistData,2009-11-13 15:58:00
Hmisc,2003-07-17 11:04:00
HumMeth27QCReport,2010-11-04 20:01:00
HybridMC,2009-06-08 00:00:00
HydroMe,2007-01-14 00:00:00
HyperbolicDist,2003-07-23 10:11:00
haarfisz,2010-03-16 00:00:00
hacks,2009-01-23 09:19:00
halp,2010-01-18 14:22:00
hapassoc,2004-01-28 20:09:00
haplo.ccs,2006-02-08 13:07:00
haplo.stats,2004-03-19 08:24:00
hapsim,2005-08-07 10:52:00
hash,2009-04-15 09:34:00
hbim,2007-09-13 10:47:00
hbmem,2009-07-18 18:11:00
hda,2010-05-19 23:31:00
hddplot,2006-02-08 13:07:00
hdeco,2007-05-02 11:25:00
hdf5,2000-02-03 20:25:00
hdrcde,2005-12-05 12:52:00
heatmap.plus,2007-03-30 11:00:00
heavy,2009-12-15 13:33:00
helloJavaWorld,2008-04-28 19:47:00
helpr,2010-10-13 09:34:00
heplots,2007-02-01 10:50:00
hergm,2010-02-21 19:43:00
hett,2004-02-16 21:23:00
hexView,2006-12-04 22:01:00
hexbin,2008-12-04 09:20:00
hgam,2010-02-09 00:00:00
hglm,2010-03-08 20:01:00
hier.part,2003-02-27 19:16:00
highlight,2009-11-22 17:20:00
hints,2007-10-01 12:16:00
hisemi,2010-09-19 00:00:00
histogram,2009-11-12 17:02:00
hive,2010-12-18 08:06:00
hlr,2008-09-03 00:00:00
hmm.discnp,2005-04-01 09:27:00
homals,2003-05-12 12:36:00
homeR,2011-05-17 00:00:00
homtest,2006-10-20 18:41:00
hopach,2004-10-06 12:26:00
hot,2006-08-11 19:10:00
hotspots,2010-06-30 13:58:00
howmany,2006-02-08 13:07:00
hsmm,2008-01-07 12:23:00
hts,2010-03-22 10:49:00
httpRequest,2004-02-20 17:24:00
huge,2010-11-11 13:40:00
hwde,2003-03-14 10:15:00
hwriter,2008-05-05 20:20:00
hybridHclust,2006-03-22 10:15:00
hydroGOF,2010-10-11 08:39:00
hydroTSM,2010-10-11 08:39:00
hyperSpec,2009-10-28 00:00:00
hyperdirichlet,2008-11-24 10:28:00
hypergeo,2008-04-24 11:05:00
hypred,2011-02-03 00:00:00
IBrokers,2008-02-22 09:08:00
ICC,2011-04-12 00:00:00
ICE,2005-10-12 21:22:00
ICEinfer,2007-07-18 11:30:00
ICS,2007-05-04 11:27:00
ICSNP,2007-05-04 11:27:00
IDPmisc,2005-02-03 13:22:00
IFP,2010-03-17 00:00:00
IMIS,2010-09-08 09:59:00
IPSUR,2006-10-06 13:30:00
IQCC,2009-09-24 12:42:00
IQMNMR,2011-04-01 12:18:00
ISOcodes,2008-04-23 11:32:00
ISwR,2002-07-30 16:01:00
Icens,2004-03-14 21:03:00
ImageMetrics,2011-03-18 08:31:00
Imap,2009-12-18 16:50:00
ImpactIV,2010-12-12 00:00:00
IndependenceTests,2011-04-04 00:00:00
InfDim,2011-03-27 00:00:00
IniStatR,2010-08-17 00:00:00
Interpol,2011-01-31 00:00:00
Iso,2008-03-07 08:09:00
IsoGene,2009-05-26 19:56:00
IsotopeR,2011-04-27 11:20:00
iBUGS,2010-04-09 00:00:00
iCluster,2010-04-05 00:00:00
iGenomicViewer,2009-09-18 22:25:00
iRegression,2011-06-02 00:00:00
iSubpathwayMiner,2011-01-21 00:00:00
iWebPlots,2011-04-07 00:00:00
ibdreg,2006-12-02 16:30:00
ibr,2009-11-16 12:10:00
ic.infer,2008-07-14 13:56:00
ic50,2008-08-06 17:31:00
icaOcularCorrection,2010-11-05 08:13:00
icomp,2008-07-07 00:00:00
identity,2007-03-30 11:06:00
ieeeround,2011-01-21 00:00:00
ifa,2006-06-14 13:22:00
ifs,2002-02-19 08:59:00
ifultools,2007-09-06 20:14:00
igraph,2006-03-01 09:41:00
igraphtosonia,2010-08-12 00:00:00
iid.test,2005-08-12 07:39:00
imguR,2010-09-01 08:44:00
imprProbEst,2008-10-25 14:57:00
imputation,2011-04-30 14:41:00
impute,2004-01-24 16:18:00
imputeMDR,2008-10-02 08:56:00
indicspecies,2010-09-19 19:37:00
ineq,2000-05-13 13:54:00
inference,2010-10-27 00:00:00
influence.ME,2009-04-15 09:34:00
infoDecompuTE,2011-03-17 06:46:00
infochimps,2010-11-21 10:16:00
infotheo,2009-06-25 17:10:00
inline,2007-05-29 17:43:00
inlinedocs,2009-09-30 20:56:00
insideRODE,2011-03-24 17:56:00
intamap,2009-09-28 15:36:00
intamapInteractive,2009-10-02 15:33:00
intcox,2006-02-08 13:07:00
integrOmics,2009-05-17 18:22:00
integrativeME,2009-10-14 12:00:00
interactivity,2010-08-11 00:00:00
interval,2009-08-04 16:22:00
intervals,2008-09-21 21:48:00
introgress,2009-02-25 19:16:00
ipdmeta,2010-08-29 09:13:00
iplots,2006-08-20 22:20:00
ipptoolbox,2008-11-07 15:34:00
ipred,2002-03-29 09:32:00
ipw,2010-02-04 20:40:00
irlba,2011-05-27 00:00:00
irr,2005-01-17 12:44:00
irtProb,2009-02-09 00:00:00
irtoys,2007-05-08 12:39:00
isa2,2009-06-05 09:19:00
isdals,2010-08-12 06:59:00
ismev,2003-04-25 18:38:00
isocir,2011-04-27 00:00:00
isopam,2010-02-18 18:50:00
isotone,2009-03-26 10:46:00
isva,2010-08-17 07:06:00
iterLap,2011-03-09 00:00:00
iterators,2009-06-27 10:16:00
itertools,2010-01-14 00:00:00
its,2003-07-21 23:37:00
iv,2010-11-18 08:14:00
ivivc,2008-04-10 09:16:00
JADE,2007-11-03 19:19:00
JGR,2006-05-06 14:30:00
JJcorr,2010-02-02 00:00:00
JM,2008-02-18 15:06:00
JOP,2010-05-01 14:44:00
JavaGD,2006-05-02 10:30:00
Johnson,2011-04-28 10:29:00
JointModeling,2006-11-02 19:07:00
JudgeIt,2007-09-10 21:47:00
Julia,2011-02-12 00:00:00
jit,2008-03-06 14:58:00
jointDiag,2009-03-12 21:07:00
KFAS,2009-08-19 10:14:00
KMsurv,2002-09-19 21:53:00
Kendall,2005-10-28 08:21:00
KernSmooth,1999-04-08 13:02:00
KrigInv,2011-01-03 00:00:00
KsPlot,2011-04-03 09:42:00
kappalab,2005-07-09 13:26:00
kerdiest,2011-03-09 15:25:00
kerfdr,2007-12-12 08:57:00
kernelPop,2007-01-22 20:08:00
kernlab,2004-04-12 14:57:00
kin.cohort,2007-04-26 19:55:00
kinfit,2010-05-01 14:45:00
kinship,2004-08-28 21:36:00
kknn,2004-11-22 10:23:00
klaR,2004-05-15 18:58:00
klin,2007-02-11 00:00:00
km.ci,2006-02-08 13:07:00
kmi,2009-06-14 21:08:00
kml,2008-06-18 13:09:00
kml3d,2010-05-04 00:00:00
knn,2011-01-14 00:00:00
knncat,2004-04-07 18:08:00
knnflex,2007-02-11 13:41:00
knorm,2008-04-08 00:00:00
kohonen,2006-02-23 19:12:00
ks,2005-02-26 09:56:00
kst,2008-12-19 16:32:00
kulife,2011-04-12 00:00:00
kza,2004-04-28 07:14:00
kzft,2006-01-25 09:54:00
kzs,2007-06-28 20:35:00
LCAextend,2011-02-04 00:00:00
LDdiag,2010-05-12 00:00:00
LDheatmap,2005-03-03 08:49:00
LDtests,2008-06-09 00:00:00
LIM,2008-11-10 18:20:00
LIStest,2008-05-25 00:00:00
LLAhclust,2007-07-12 16:41:00
LLdecomp,2009-09-18 00:00:00
LMERConvenienceFunctions,2010-11-13 16:18:00
LPCM,2010-11-23 00:00:00
LS2W,2010-06-01 20:45:00
LSD,2010-12-10 16:02:00
LVQTools,2010-08-30 00:00:00
LambertW,2009-03-23 19:07:00
LaplacesDemon,2011-01-03 13:28:00
LeLogicielR,2011-04-15 00:00:00
LearnBayes,2007-05-03 14:26:00
LearnEDA,2008-12-23 09:02:00
LiblineaR,2010-05-30 15:37:00
LifeTables,2011-06-03 00:00:00
Lmoments,2005-10-12 21:19:00
LogConcDEAD,2007-05-13 15:13:00
LogicForest,2010-07-25 00:00:00
LogicReg,2005-01-27 18:39:00
LogitNet,2009-11-25 00:00:00
LoopAnalyst,2006-02-08 09:09:00
LowRankQP,2006-02-21 13:39:00
labdsv,2005-01-18 12:03:00
labeling,2010-11-22 00:00:00
labeltodendro,2009-02-25 15:39:00
labstatR,2003-11-26 11:25:00
laeken,2010-06-04 23:33:00
laercio,2008-06-11 20:12:00
lago,2008-04-23 00:00:00
lancet.iraqmortality,2007-06-04 10:07:00
landsat,2010-09-30 07:42:00
languageR,2007-02-13 21:54:00
lars,2003-05-17 11:18:00
laser,2006-07-10 08:48:00
lasso2,2002-02-08 21:28:00
lassoshooting,2011-04-05 16:47:00
latdiag,2009-08-02 00:00:00
latentnet,2005-08-25 10:26:00
lattice,2001-05-18 08:51:00
latticeExtra,2004-12-13 10:14:00
latticedl,2009-10-14 15:13:00
latticist,2008-11-04 20:49:00
lavaan,2010-05-11 20:23:00
lawstat,2006-08-31 17:19:00
lazy,2003-12-09 14:17:00
lcd,2009-04-15 10:17:00
lcda,2009-03-25 18:49:00
lcmm,2010-04-22 07:30:00
lcmr,2011-04-26 00:00:00
ldDesign,2003-12-09 14:17:00
lda,2009-09-29 20:49:00
lda.cv,2008-08-14 09:45:00
ldbounds,2006-05-23 00:00:00
ldlasso,2011-02-15 00:00:00
leaps,1997-12-10 13:19:00
leiv,2010-05-06 11:27:00
lemma,2009-09-03 11:25:00
lessR,2010-10-25 09:01:00
lfe,2011-03-10 12:14:00
lga,2007-09-10 21:48:00
lgtdl,2001-05-21 17:50:00
lhs,2006-07-11 13:21:00
limSolve,2008-04-24 18:51:00
limitplot,2010-04-15 00:00:00
linkcomm,2011-04-27 19:19:00
linprog,2003-10-01 10:22:00
list,2010-07-09 15:27:00
ljr,2007-07-07 20:52:00
lmPerm,2010-01-26 09:26:00
lmSupport,2011-02-15 10:52:00
lme4,2003-06-25 07:29:00
lmeSplines,2003-10-03 09:42:00
lmec,2009-02-09 00:00:00
lmm,2003-11-15 22:29:00
lmmlasso,2011-04-15 00:00:00
lmodel2,2008-11-27 00:00:00
lmom,2008-07-05 18:31:00
lmomRFA,2009-03-03 09:11:00
lmomco,2006-02-01 19:15:00
lmtest,1999-03-15 10:34:00
localdepth,2009-04-19 00:00:00
locfdr,2004-08-19 22:25:00
locfit,1999-04-10 19:48:00
locpol,2007-12-18 20:29:00
lodplot,2005-09-15 15:26:00
log10,2009-11-22 17:20:00
log4r,2010-09-25 16:51:00
logcondens,2006-09-29 12:08:00
logging,2010-01-15 10:17:00
logistf,2003-10-23 09:48:00
loglognorm,2008-08-07 00:00:00
logregperm,2008-04-22 00:00:00
logspline,1998-11-25 12:46:00
lokern,2001-06-13 19:47:00
longRPart,2008-12-18 18:55:00
longitudinal,2006-03-13 10:17:00
longitudinalData,2009-06-10 10:05:00
longmemo,2005-07-27 08:30:00
longpower,2010-09-01 00:00:00
lordif,2009-07-26 20:33:00
lossDev,2010-03-15 08:59:00
lpSolve,2003-09-26 22:04:00
lpSolveAPI,2008-06-13 10:13:00
lpc,2008-06-11 11:15:00
lpridge,2001-05-18 19:36:00
lqa,2010-04-18 19:37:00
lsa,2005-11-25 11:33:00
lspls,2006-01-12 11:34:00
lss,2006-12-10 16:10:00
ltm,2005-03-14 10:35:00
ltsa,2007-11-23 09:22:00
lubridate,2010-08-15 06:46:00
luca,2007-03-13 09:03:00
MADAM,2010-02-02 11:08:00
MALDIquant,2011-02-22 19:22:00
MAMA,2010-05-26 16:32:00
MAMSE,2009-02-03 21:00:00
MAPLES,2011-04-26 00:00:00
MARSS,2010-06-22 10:29:00
MASS,2009-05-08 13:25:00
MAT,2011-01-26 00:00:00
MAc,2010-02-04 09:46:00
MAclinical,2008-09-28 20:30:00
MAd,2010-03-07 19:41:00
MBA,2006-08-08 13:29:00
MBESS,2006-05-06 14:30:00
MCAPS,2008-08-12 12:18:00
MCE,2008-12-06 09:29:00
MCLIME,2010-09-24 16:23:00
MCMCglmm,2009-01-27 15:45:00
MCMChybridGP,2009-09-22 10:22:00
MCMCpack,2003-02-21 18:07:00
MCPAN,2008-01-14 15:13:00
MCPMod,2008-04-10 08:51:00
MChtest,2006-09-07 13:50:00
MDR,2010-12-13 00:00:00
MEMSS,2005-02-25 09:07:00
MEWMA,2011-05-30 00:00:00
MFDA,2006-08-08 13:30:00
MFDF,2009-11-04 00:00:00
MHadaptive,2011-04-04 00:00:00
MISA,2011-02-17 20:30:00
MIfuns,2008-09-11 22:29:00
MImix,2010-01-08 00:00:00
MKLE,2006-07-24 09:46:00
MKmisc,2008-09-05 17:30:00
MLCM,2009-09-09 09:25:00
MLDA,2008-06-11 11:15:00
MLDS,2007-04-17 20:51:00
MLEcens,2007-08-01 12:49:00
MLPAstats,2011-01-31 18:19:00
MMG,2008-05-16 23:19:00
MMIX,2009-07-24 08:04:00
MMST,2010-07-05 13:20:00
MNM,2009-11-09 16:40:00
MNP,2004-06-27 23:41:00
MOCCA,2010-06-28 16:29:00
MPV,2002-11-08 16:55:00
MSBVAR,2005-09-20 09:29:00
MSG,2011-03-30 00:00:00
MSToolkit,2010-08-06 00:00:00
MTSKNN,2009-10-27 20:17:00
MUCflights,2011-02-09 11:10:00
MVA,2011-04-27 18:11:00
MVpower,2010-02-16 08:31:00
MaXact,2009-11-03 00:00:00
MarkedPointProcess,2005-06-16 08:01:00
MasterBayes,2006-10-01 23:59:00
MatchIt,2005-01-06 22:18:00
Matching,2004-10-22 09:36:00
Matrix,2000-07-15 02:57:00
MatrixModels,2010-08-05 22:52:00
Mcomp,2009-09-07 11:37:00
MeDiChI,2010-10-14 00:00:00
MetABEL,2011-02-10 00:00:00
MetaPCA,2011-04-23 22:54:00
MetaQC,2011-04-23 22:54:00
MetabolAnalyze,2010-06-18 17:29:00
Metabonomic,2008-07-07 20:05:00
Meth27QC,2011-02-18 00:00:00
MethComp,2011-02-18 00:00:00
Miney,2011-01-03 00:00:00
MiscPsycho,2007-05-13 15:13:00
MixSim,2009-04-22 19:04:00
Modalclust,2010-11-13 16:18:00
ModelGood,2010-03-18 00:00:00
ModelMap,2009-03-28 11:20:00
MortalitySmooth,2009-11-08 00:00:00
MplusAutomation,2010-03-10 15:55:00
MsatAllele,2010-11-29 00:00:00
MuMIn,2010-05-28 08:55:00
MultEq,2008-01-14 16:34:00
Multiclasstesting,2009-04-23 09:09:00
mAr,2004-02-28 11:59:00
mFilter,2006-11-13 10:27:00
mRm,2011-05-26 00:00:00
maanova,2004-12-27 13:49:00
magic,2003-11-24 00:49:00
magma,2010-08-11 06:58:00
magnets,2010-05-11 00:00:00
makesweave,2010-11-16 10:28:00
mapLD,2006-02-08 13:07:00
mapReduce,2009-04-19 20:07:00
mapdata,2003-10-07 19:23:00
mapproj,2003-10-27 23:41:00
maps,2003-10-07 19:23:00
maptools,2003-08-12 00:27:00
maptree,2000-06-13 09:51:00
mar1s,2009-06-16 00:00:00
marelac,2008-10-16 18:52:00
marelacTeaching,2009-09-07 19:10:00
margLikArrogance,2011-01-03 13:35:00
marginTree,2008-01-05 18:41:00
marginalmodelplots,2008-07-15 16:58:00
mathgraph,2004-03-26 08:58:00
maticce,2009-09-10 00:00:00
matlab,2004-11-16 09:53:00
matrixStats,2009-06-14 21:08:00
matrixcalc,2007-11-03 19:54:00
maxLik,2008-02-27 19:04:00
maxLinear,2011-01-19 00:00:00
maxstat,2001-04-23 16:11:00
mblm,2005-08-12 07:42:00
mbmdr,2010-02-19 15:44:00
mboost,2006-06-16 16:10:00
mc2d,2009-04-14 19:32:00
mcclust,2009-05-25 00:00:00
mcga,2010-12-13 15:13:00
mcgibbsit,2004-04-18 23:01:00
mclogit,2010-04-08 17:52:00
mclust,1999-11-04 17:32:00
mcmc,2005-04-05 09:38:00
mcmcplots,2010-07-06 00:00:00
mco,2008-08-07 11:59:00
mcprofile,2010-11-24 08:50:00
mcsm,2009-04-28 00:00:00
mda,1998-04-17 17:23:00
meboot,2007-01-26 19:00:00
mecdf,2009-12-06 11:15:00
medAdherence,2009-04-28 09:56:00
mederrRank,2011-03-21 00:00:00
mediation,2009-06-14 21:11:00
mefa,2007-11-20 21:36:00
mefa4,2011-02-10 09:42:00
meifly,2007-03-01 09:14:00
mem,2010-11-26 00:00:00
memisc,2007-02-13 21:53:00
memoise,2010-09-03 00:00:00
merror,2006-02-08 00:00:00
meta,2006-02-08 13:07:00
metaMA,2009-02-26 00:00:00
metacor,2009-03-18 09:21:00
metafor,2009-06-05 09:20:00
metatest,2010-12-07 09:20:00
mfp,2004-08-01 13:24:00
mfr,2010-11-03 00:00:00
mgcv,2000-10-04 17:09:00
mgpd,2011-03-11 00:00:00
mhsmm,2009-03-02 10:08:00
mht,2011-03-22 15:21:00
mhurdle,2010-08-05 00:00:00
mi,2008-10-07 08:57:00
miP,2011-05-22 00:00:00
miRtest,2011-03-27 10:51:00
micEcon,2005-02-21 12:32:00
micEconAids,2009-12-28 12:33:00
micEconCES,2010-03-15 16:20:00
micEconSNQP,2010-03-15 00:00:00
mice,2006-04-04 11:03:00
microbenchmark,2011-01-17 10:42:00
migui,2010-04-13 09:14:00
mimR,2002-12-16 08:09:00
minPtest,2011-05-20 14:41:00
miniGUI,2009-11-18 15:01:00
minpack.lm,2004-10-01 22:18:00
minqa,2010-03-07 18:09:00
minxent,2008-11-26 00:00:00
mirf,2008-09-10 00:00:00
misc3d,2005-06-04 14:23:00
miscTools,2009-12-28 12:34:00
missForest,2011-05-13 00:00:00
missMDA,2010-05-10 21:27:00
mitools,2004-08-01 13:24:00
mix,2003-04-10 18:10:00
mixAK,2009-05-07 11:21:00
mixOmics,2010-02-25 12:10:00
mixPHM,2007-07-19 14:07:00
mixRasch,2009-03-19 00:00:00
mixdist,2008-05-03 08:53:00
mixedQF,2010-10-25 12:40:00
mixer,2008-10-15 18:25:00
mixfdr,2009-07-21 00:00:00
mixlow,2008-09-30 10:02:00
mixreg,2004-05-24 00:36:00
mixsep,2010-11-30 11:14:00
mixsmsn,2010-06-14 08:55:00
mixstock,2007-01-25 10:07:00
mixtools,2006-10-31 21:32:00
mkin,2010-05-18 15:18:00
mkssd,2010-10-26 00:00:00
mlbench,1999-02-24 18:11:00
mlegp,2007-09-28 10:38:00
mlmRev,2005-01-24 09:59:00
mlmmm,2007-05-18 09:37:00
mlogit,2008-05-16 23:05:00
mlogitBMA,2010-04-13 09:14:00
mmap,2010-05-22 08:36:00
mmcm,2009-01-26 14:46:00
mnormt,2006-01-25 10:39:00
mnspc,2011-04-24 00:00:00
moc,2001-11-02 00:59:00
modTempEff,2009-07-18 18:12:00
modeest,2007-03-30 09:02:00
modehunt,2007-05-29 17:43:00
modelcf,2010-09-30 20:58:00
modelfree,2010-10-20 00:00:00
modeltools,2005-06-15 13:48:00
moduleColor,2008-04-04 14:37:00
mokken,2007-11-06 11:00:00
mombf,2008-04-03 15:06:00
moments,2005-08-12 07:42:00
mondate,2010-06-08 09:34:00
monmlp,2010-05-23 09:11:00
monoProc,2005-09-21 21:27:00
monomvn,2007-06-11 14:42:00
monreg,2006-01-30 21:10:00
moonsun,2008-01-02 10:30:00
mosaic,2011-04-27 21:05:00
moult,2011-05-12 00:00:00
movMF,2011-02-22 00:00:00
mpa,2011-05-12 00:00:00
mpm,2008-05-19 09:25:00
mpmcorrelogram,2010-09-19 00:00:00
mprobit,2006-05-19 22:40:00
mpt,2010-08-27 15:31:00
mr,2010-12-02 00:00:00
mra,2007-11-14 12:43:00
mratios,2006-07-10 08:29:00
mrdrc,2010-05-04 08:55:00
mritc,2010-08-17 20:47:00
mrt,2009-06-08 21:50:00
msBreast,2008-05-30 08:58:00
msDilution,2008-05-30 08:58:00
msProcess,2008-05-02 12:09:00
msProstate,2008-06-02 08:59:00
msSurv,2011-02-04 07:44:00
mseq,2009-12-04 09:15:00
msir,2011-05-10 00:00:00
msm,2002-11-08 16:58:00
mspath,2010-01-21 08:13:00
msr,2011-02-18 08:29:00
mstate,2009-07-21 14:28:00
mtcreator,2011-03-19 00:00:00
mtsc,2010-02-25 12:10:00
mtsdi,2010-11-24 00:00:00
muRL,2009-07-18 18:13:00
muS2RC,2006-12-18 21:52:00
muStat,2007-11-29 11:48:00
muUtil,2007-11-29 11:48:00
mugnet,2010-05-06 07:40:00
muhaz,2001-05-18 19:34:00
multcomp,2002-06-20 17:24:00
multcompView,2006-08-19 09:05:00
multiPIM,2011-05-05 00:00:00
multibiplotGUI,2011-01-25 00:00:00
multic,2006-06-14 13:22:00
multicore,2009-01-03 19:13:00
multilevel,2006-05-02 10:28:00
multinomRob,2004-02-19 09:39:00
multipol,2008-04-22 12:37:00
multisensi,2010-05-25 00:00:00
multitaper,2010-07-24 22:21:00
multmod,2009-06-25 17:10:00
multxpert,2011-01-23 00:00:00
munfold,2010-04-08 00:00:00
munsell,2009-08-19 10:15:00
mutatr,2009-11-16 08:44:00
mutoss,2010-08-18 16:35:00
mutossGUI,2010-08-20 06:39:00
mvShapiroTest,2009-06-02 00:00:00
mvabund,2010-01-14 13:00:00
mvbutils,2004-01-22 15:04:00
mvgraph,2009-03-27 09:10:00
mvmeta,2011-05-09 17:30:00
mvna,2007-12-06 08:56:00
mvngGrAd,2010-04-09 19:30:00
mvnmle,2001-01-11 21:39:00
mvnormtest,2003-10-01 23:03:00
mvoutlier,2004-11-11 10:19:00
mvpart,2004-02-13 23:23:00
mvsf,2009-09-06 00:00:00
mvtBinaryEP,2009-02-18 21:03:00
mvtnorm,2000-11-14 17:40:00
mvtnormpcs,2006-06-16 00:00:00
mxkssd,2011-01-25 00:00:00
NADA,2004-06-25 14:09:00
NBPSeq,2011-04-24 00:00:00
NCBI2R,2010-07-06 09:34:00
NISTnls,1999-11-04 17:32:00
NMF,2009-11-23 20:19:00
NMFN,2009-12-03 20:28:00
NMMAPSlite,2007-01-30 09:46:00
NMRS,2009-02-11 00:00:00
NORMT3,2005-01-10 23:01:00
NRAIA,2007-02-01 10:49:00
NeatMap,2009-05-13 09:05:00
NestedCohort,2007-09-26 09:22:00
NetCluster,2010-06-18 10:36:00
NetData,2010-06-18 18:38:00
NetIndices,2008-07-18 09:35:00
NetworkAnalysis,2010-12-03 16:58:00
NightDay,2011-02-08 17:25:00
Nippon,2011-02-18 18:29:00
nFDR,2005-06-08 19:54:00
nFactors,2006-07-10 13:41:00
nacopula,2010-07-02 12:03:00
nanop,2009-12-06 11:08:00
nbpMatching,2009-09-18 00:00:00
ncdf,2003-10-27 23:41:00
ncdf4,2010-02-24 00:00:00
ncf,2008-04-14 20:17:00
ncomplete,2003-05-25 20:21:00
ncvreg,2009-11-22 17:27:00
neariso,2011-01-03 00:00:00
negenes,2003-06-21 00:21:00
neldermead,2010-05-05 10:08:00
network,2005-08-20 23:38:00
networksis,2008-04-16 21:38:00
neuRosim,2010-11-23 17:28:00
neuralnet,2008-04-15 19:28:00
nga,2010-04-02 19:08:00
nice,2005-01-25 11:03:00
nlADG,2010-04-18 00:00:00
nleqslv,2009-02-07 15:22:00
nlme,1999-11-23 10:22:00
nlmeODE,2003-07-04 09:20:00
nlreg,2009-09-24 22:13:00
nlrwr,2008-03-21 20:26:00
nls2,2007-12-04 09:59:00
nlstools,2007-07-22 21:36:00
nlt,2008-01-28 21:32:00
nltm,2006-03-24 19:08:00
nlts,2008-04-15 12:53:00
nnDiag,2009-10-26 21:51:00
nnc,2010-08-02 07:48:00
nncRda,2010-10-05 00:00:00
nnclust,2009-09-22 22:24:00
nnet,2009-05-08 13:25:00
nnls,2007-10-15 11:25:00
nodeHarvest,2009-10-12 15:31:00
noia,2008-04-27 17:29:00
nonbinROC,2007-10-18 00:00:00
nonparaeff,2010-04-03 19:42:00
nonrandom,2009-12-01 18:19:00
nor1mix,2003-11-15 22:29:00
norm,1999-11-05 09:50:00
normalp,2003-04-14 15:15:00
normwhn.test,2010-08-11 00:00:00
nortest,2006-02-08 00:00:00
noverlap,2003-05-25 20:21:00
np,2006-11-19 10:38:00
npRmpi,2010-05-18 18:15:00
nparLD,2009-09-18 22:25:00
nparcomp,2008-05-06 20:46:00
npde,2008-04-02 12:17:00
nplplot,2008-03-27 15:47:00
npmc,2002-03-20 08:22:00
npmlreg,2006-06-06 16:36:00
nppbib,2010-05-22 07:23:00
npst,2010-11-29 12:37:00
nsRFA,2006-12-15 18:56:00
nullabor,2011-03-01 00:00:00
numConversion,2011-04-04 10:20:00
numDeriv,2006-04-12 14:32:00
nutshell,2009-11-11 08:42:00
nutshellDE,2011-02-03 00:00:00
nvis,2011-02-20 00:00:00
nws,2006-01-28 12:14:00
OAIHarvester,2009-03-03 09:10:00
OPE,2008-08-26 00:00:00
ORDER2PARENT,2010-09-16 00:00:00
ORIClust,2009-09-18 22:18:00
ORMDR,2007-03-08 10:38:00
OSACC,2010-09-16 00:00:00
Oarray,2001-05-15 16:59:00
OjaNP,2009-08-10 08:34:00
OligoSpecificitySystem,2009-11-26 09:03:00
Oncotree,2009-03-12 10:28:00
OrdFacReg,2009-04-16 11:17:00
OrdMonReg,2009-04-15 10:16:00
OrgMassSpecR,2010-09-09 00:00:00
oblique.tree,2009-06-03 00:00:00
obsSens,2008-02-21 20:58:00
oc,2007-03-28 09:45:00
oce,2007-05-21 10:25:00
odesolve,2001-02-03 18:38:00
odfWeave,2006-07-10 08:31:00
odfWeave.survey,2009-05-18 00:00:00
ofp,2010-05-10 07:27:00
omd,2009-11-03 00:00:00
oncomodel,2011-01-20 00:00:00
onemap,2008-06-08 17:14:00
onion,2005-10-14 16:02:00
openNLP,2008-02-07 13:50:00
openNLPmodels.en,2009-06-27 00:00:00
openNLPmodels.es,2009-06-27 00:00:00
openair,2010-09-09 08:24:00
openintro,2009-12-14 08:46:00
operator.tools,2010-07-24 22:21:00
operators,2009-01-26 11:11:00
optBiomarker,2009-05-10 20:55:00
optimbase,2010-05-05 10:09:00
optimsimplex,2010-05-05 10:09:00
optimx,2010-08-02 07:48:00
optmatch,2005-10-29 11:42:00
optparse,2009-11-03 12:27:00
optpart,2010-01-08 00:00:00
orQA,2010-12-03 09:32:00
orclus,2011-03-17 00:00:00
ordPens,2011-03-22 16:54:00
orddom,2011-01-03 00:00:00
orderbook,2010-08-25 11:37:00
ordinal,2010-03-07 18:09:00
orientlib,2003-07-08 23:13:00
orloca,2008-06-16 12:02:00
orloca.es,2008-07-05 18:32:00
oro.dicom,2010-02-28 11:42:00
oro.nifti,2010-03-04 07:51:00
orth,2008-05-16 23:05:00
orthogonalsplinebasis,2009-04-03 11:43:00
orthopolynom,2006-06-22 09:38:00
ouch,2004-10-27 19:06:00
outliers,2005-04-05 09:39:00
oz,1998-02-25 08:12:00
PASWR,2008-02-12 22:34:00
PBImisc,2011-02-04 00:00:00
PBSadmb,2009-11-25 09:29:00
PBSddesolve,2008-10-05 13:01:00
PBSmapping,2004-08-03 11:00:00
PBSmodelling,2006-08-30 11:47:00
PCIT,2009-08-28 22:18:00
PCS,2009-06-18 00:00:00
PERregress,2010-12-10 08:55:00
PET,2007-04-04 09:44:00
PHYLOGR,2000-08-31 12:21:00
PK,2005-04-19 09:19:00
PKfit,2005-11-17 08:09:00
PKgraph,2010-06-01 08:51:00
PKmodelFinder,2010-04-28 00:00:00
PKreport,2010-10-17 18:41:00
PKtools,2007-01-13 10:33:00
PL.popN,2011-04-04 00:00:00
PLIS,2009-08-19 00:00:00
PMA,2009-02-12 09:25:00
POT,2005-09-06 09:06:00
PSAgraphics,2007-05-10 10:45:00
PSCN,2011-04-12 00:00:00
PSM,2008-06-10 11:39:00
PTAk,2001-04-19 18:18:00
PairViz,2008-10-28 21:07:00
Peak2Trough,2011-04-28 00:00:00
Peaks,2008-03-31 00:00:00
PearsonDS,2009-09-19 08:12:00
PearsonICA,2006-06-29 10:37:00
PerformanceAnalytics,2007-04-16 21:59:00
PermAlgo,2010-10-12 00:00:00
PhViD,2009-03-03 20:45:00
PhysicalActivity,2010-09-15 00:00:00
PoMoS,2010-10-13 09:34:00
PoissonSeq,2011-05-04 00:00:00
PolynomF,2008-05-13 20:20:00
Pomic,2008-06-01 20:55:00
PottsUtils,2011-04-01 23:06:00
PowerTOST,2010-05-10 16:37:00
PredictABEL,2011-02-10 00:00:00
PredictiveRegression,2008-06-26 10:04:00
PresenceAbsence,2007-02-23 08:53:00
ProDenICA,2010-05-01 00:00:00
ProbForecastGOP,2005-02-08 18:59:00
ProfessR,2007-11-04 18:34:00
ProfileLikelihood,2011-01-31 00:00:00
ProjectTemplate,2010-08-25 14:50:00
PropCIs,2010-02-06 15:32:00
PtProcess,2008-05-30 08:30:00
PwrGSD,2008-01-07 12:23:00
p3state.msm,2009-07-18 18:13:00
pGLS,2010-05-19 00:00:00
pROC,2010-04-28 11:19:00
pack,2008-08-17 10:31:00
packClassic,2008-09-18 19:52:00
packS4,2009-05-27 10:59:00
packdep,2009-07-18 18:13:00
pairwiseCI,2007-08-25 18:49:00
palaeoSig,2011-02-14 00:00:00
paleoMAS,2010-01-17 11:52:00
paleoTS,2006-07-25 07:48:00
paltran,2008-05-05 15:02:00
pamctdp,2010-02-09 20:08:00
pamm,2009-06-14 21:12:00
pamr,2003-05-21 17:23:00
pan,2003-11-15 22:29:00
panel,2001-05-21 18:01:00
papply,2005-06-24 00:00:00
paramlink,2011-03-20 00:00:00
paran,2007-08-12 18:02:00
parcor,2009-04-29 12:56:00
parfossil,2010-10-21 12:49:00
parmigene,2011-03-11 00:00:00
parser,2009-07-27 21:54:00
partDSA,2009-05-05 20:08:00
partitionMap,2010-11-22 15:31:00
partitionMetric,2009-12-29 00:00:00
partitions,2006-05-30 09:58:00
party,2005-06-24 17:56:00
parviol,2009-12-01 00:00:00
pastecs,2002-01-31 17:55:00
pathClass,2010-09-27 14:40:00
pathmox,2010-08-10 00:00:00
pbapply,2010-09-03 21:38:00
pbatR,2005-11-20 22:22:00
pbivnorm,2011-02-22 00:00:00
pcaPP,2006-04-03 12:29:00
pcalg,2006-06-06 22:35:00
pcse,2007-03-13 09:03:00
pcurve,2004-11-03 14:31:00
pdfCluster,2011-03-01 08:32:00
pear,2002-01-13 13:34:00
pec,2008-07-28 08:18:00
pedantics,2009-10-29 17:35:00
pedigree,2009-02-24 10:02:00
pedigreemm,2009-05-24 10:36:00
pegas,2009-05-13 21:17:00
penalized,2007-07-07 20:47:00
penalizedLDA,2011-03-29 00:00:00
penalizedSVM,2009-01-14 19:25:00
pencopula,2011-02-22 16:34:00
pendensity,2009-09-18 22:31:00
pensim,2011-01-25 11:09:00
peperr,2008-07-15 21:23:00
pequod,2010-11-13 16:19:00
perm,2009-07-30 14:52:00
permax,2001-05-21 17:43:00
permtest,2005-08-20 23:40:00
perturb,2005-03-30 11:52:00
pesticides,2010-11-28 00:00:00
pfda,2010-12-07 00:00:00
pgam,2004-02-21 14:14:00
pgfSweave,2009-12-04 09:15:00
pgirmess,2005-11-02 22:46:00
pglm,2010-07-24 00:00:00
pgs,2009-07-21 14:28:00
phangorn,2008-03-25 10:05:00
pheatmap,2010-10-24 17:59:00
pheno,2003-12-11 20:54:00
phitest,2010-08-10 00:00:00
phmm,2009-03-16 19:37:00
phpSerialize,2005-02-28 09:40:00
phull,2009-10-03 13:12:00
phybase,2010-08-05 00:00:00
phyclust,2010-01-29 08:53:00
phyext,2011-05-02 00:00:00
phylobase,2009-11-01 19:04:00
phyloclim,2009-11-30 21:27:00
phylosim,2010-10-27 16:30:00
phylotools,2010-10-23 14:40:00
pi0,2010-09-20 09:41:00
picante,2008-06-03 08:34:00
pixmap,2001-09-10 11:21:00
pkDACLASS,2011-01-15 00:00:00
plRasch,2007-08-07 00:00:00
plan,2009-04-26 17:28:00
playwith,2007-11-20 12:03:00
plgp,2010-05-01 18:00:00
plink,2007-09-04 12:06:00
plm,2006-06-13 10:52:00
plotGoogleMaps,2010-12-12 00:00:00
plotSEMM,2008-04-07 00:00:00
plotmo,2011-03-31 17:18:00
plotpc,2009-03-10 12:16:00
plotrix,2004-08-13 08:58:00
pls,1999-01-11 15:48:00
plsRcox,2011-01-15 00:00:00
plsRglm,2010-09-20 09:41:00
plsdof,2009-11-16 14:19:00
plsgenomics,2005-04-11 22:33:00
plspm,2009-04-15 10:29:00
plugdensity,2004-11-03 17:17:00
plus,2009-06-20 00:00:00
plyr,2008-09-30 09:29:00
pmg,2006-09-29 23:36:00
pmlr,2010-04-02 00:00:00
pmml,2007-02-11 13:43:00
pmr,2010-09-06 20:12:00
png,2010-03-17 18:53:00
poLCA,2006-06-14 13:22:00
poibin,2011-04-09 00:00:00
poilog,2007-12-04 09:59:00
poistweedie,2010-03-11 00:00:00
polspline,2002-12-03 21:22:00
polySegratio,2009-11-17 18:24:00
polySegratioMM,2009-11-17 18:24:00
polyapost,2006-03-30 11:25:00
polycor,2004-12-04 15:06:00
polydect,2009-03-28 00:00:00
polynom,1999-04-12 07:54:00
polysat,2010-06-24 09:50:00
pomp,2007-07-22 21:36:00
pooh,2009-09-22 00:00:00
popPK,2010-04-02 19:09:00
popbio,2007-02-16 18:36:00
popgen,2005-10-05 09:28:00
portes,2010-09-09 13:04:00
portfolio,2005-11-17 17:20:00
portfolioSim,2006-10-04 21:50:00
potts,2009-09-22 10:22:00
powell,2006-08-19 00:00:00
powerGWASinteraction,2008-11-16 00:00:00
powerMediation,2010-02-04 00:00:00
powerSurvEpi,2009-04-17 00:00:00
powerpkg,2006-02-08 13:07:00
ppMeasures,2010-05-11 00:00:00
ppls,2007-10-07 10:30:00
pps,2003-07-24 10:09:00
ppstat,2010-10-20 00:00:00
prabclus,2003-06-28 20:45:00
pracma,2011-03-19 07:20:00
predbayescor,2007-11-08 09:09:00
predmixcor,2007-11-11 11:54:00
prefmod,2008-12-12 09:12:00
press,2011-04-09 23:34:00
pressData,2011-04-09 11:29:00
prettyR,2006-08-05 12:41:00
prim,2007-01-09 09:41:00
primer,2009-03-27 17:40:00
princurve,1999-04-26 18:32:00
prob,2008-01-09 17:25:00
processdata,2010-10-09 00:00:00
prodlim,2008-07-21 16:41:00
profdpm,2009-11-15 14:51:00
profileModel,2008-02-24 20:17:00
profr,2008-05-02 19:45:00
proftools,2007-08-27 11:01:00
proj4,2007-06-07 21:18:00
proptest,2006-09-05 20:40:00
proto,2005-01-27 18:41:00
proxy,2007-07-09 14:40:00
pscl,2005-05-31 12:11:00
pseudo,2007-10-11 00:00:00
psgp,2009-09-29 20:49:00
pso,2010-09-22 16:59:00
pspearman,2009-02-11 13:26:00
pspline,1998-11-25 12:45:00
psy,2003-08-22 15:50:00
psych,2007-05-06 20:28:00
psychometric,2006-08-30 11:18:00
psychotree,2009-11-04 12:32:00
psyphy,2007-05-29 17:43:00
ptinpoly,2010-06-15 14:45:00
ptw,2009-10-27 20:17:00
pvclass,2010-07-29 00:00:00
pvclust,2005-02-24 12:27:00
pwr,2006-02-01 19:12:00
pwt,2007-12-21 11:46:00
pycno,2011-04-24 00:00:00
pyramid,2010-01-06 13:12:00
QCA,2006-02-04 00:18:00
QCA3,2009-09-28 15:36:00
QCAGUI,2006-06-01 09:39:00
QRMlib,2007-04-16 21:59:00
QSARdata,2010-09-21 10:14:00
QT,2010-03-26 19:06:00
QTLNetworkR,2010-04-15 16:46:00
QTLRel,2010-12-24 16:28:00
QuACN,2010-08-26 08:42:00
QuantPsyc,2007-12-31 17:05:00
qAnalyst,2008-01-10 16:37:00
qat,2011-04-28 00:00:00
qcc,2004-03-04 16:44:00
qgraph,2011-01-08 09:47:00
qlspack,2008-06-23 09:54:00
qp,2006-09-29 23:37:00
qpcR,2008-02-09 21:01:00
qrnn,2010-05-07 10:57:00
qtl,2001-10-30 12:12:00
qtlDesign,2005-01-25 11:03:00
qtlbim,2006-09-07 19:43:00
qtlbook,2009-03-30 08:47:00
quadprog,1999-05-27 11:49:00
qualV,2007-05-31 16:36:00
qualityTools,2010-06-15 10:50:00
quantchem,2005-09-12 09:40:00
quantmod,2007-08-02 18:12:00
quantreg,1999-01-11 15:48:00
quantregForest,2006-02-08 13:07:00
quaternions,2010-05-11 00:00:00
queueing,2011-02-09 11:12:00
qvalue,2004-10-27 09:42:00
qvcalc,2002-06-13 18:43:00
R.cache,2007-05-14 09:58:00
R.filesets,2009-06-09 12:02:00
R.huge,2007-05-22 10:32:00
R.matlab,2005-02-25 18:33:00
R.methodsS3,2007-12-11 09:22:00
R.oo,2005-02-15 21:37:00
R.rsp,2006-07-24 10:23:00
R.utils,2005-07-22 12:09:00
R2Cuba,2010-01-06 16:31:00
R2HTML,2001-01-25 10:44:00
R2PPT,2010-05-08 00:00:00
R2SWF,2011-04-14 00:00:00
R2WinBUGS,2004-02-02 13:38:00
R2jags,2008-10-09 08:58:00
R2wd,2009-10-18 11:17:00
R4dfp,2010-06-21 10:03:00
RAD,2011-02-24 00:00:00
RANN,2010-02-11 19:33:00
RArcInfo,2001-05-03 17:55:00
RAtmosphere,2011-02-20 00:00:00
RBGL,2007-06-01 09:16:00
RBerkeley,2009-08-13 16:48:00
RBloomberg,2006-02-11 12:50:00
RBrownie,2010-09-14 17:34:00
RC,2009-10-02 15:33:00
RColorBrewer,2002-10-31 10:27:00
RCurl,2004-08-05 10:47:00
RDS,2009-04-22 00:00:00
RDieHarder,2007-08-09 09:57:00
REEMtree,2009-07-18 17:22:00
REQS,2008-10-20 20:08:00
RExcelInstaller,2008-04-15 12:53:00
RFA,2005-09-14 13:25:00
RFLPtools,2010-02-10 15:38:00
RFOC,2007-10-09 21:57:00
RFinanceYJ,2010-02-05 18:18:00
RFreak,2007-12-24 14:36:00
RGCCA,2010-10-15 00:00:00
RGraphics,2005-05-05 08:10:00
RGtk2,2006-06-22 09:39:00
RGtk2Extras,2010-07-30 22:19:00
RH2,2010-02-01 20:26:00
RHRV,2008-10-28 13:58:00
RHmm,2007-11-07 17:34:00
RISmed,2011-03-28 11:46:00
RImageJ,2009-06-22 09:28:00
RInside,2009-09-20 21:35:00
RItools,2008-09-28 21:26:00
RJDBC,2007-01-24 12:06:00
RJSONIO,2010-10-04 12:14:00
RJaCGH,2006-07-17 18:28:00
RKEA,2008-07-11 19:17:00
RLMM,2005-09-05 13:45:00
RLRsim,2007-06-02 18:39:00
RLadyBug,2006-11-05 23:00:00
RLastFM,2009-08-28 22:18:00
RM2,2008-08-13 00:00:00
RMC,2010-06-04 15:47:00
RMTstat,2009-04-17 09:29:00
RMark,2011-05-17 06:49:00
RMediation,2011-02-08 00:00:00
RMySQL,2000-02-04 23:07:00
RNCBI,2010-06-25 07:45:00
RNCBIAxis2Libs,2010-06-25 00:00:00
RNCBIEUtilsLibs,2010-06-25 00:00:00
RNCEP,2011-01-12 11:32:00
RNetCDF,2004-08-02 11:17:00
RNiftyReg,2010-09-06 16:42:00
ROAuth,2011-03-24 21:19:00
ROCR,2005-02-26 09:55:00
ROCwoGS,2011-05-08 00:00:00
RODBC,2000-05-24 09:32:00
RODM,2010-05-26 21:58:00
ROptEst,2007-08-25 18:46:00
ROptEstOld,2009-02-28 10:58:00
ROptRegTS,2007-08-25 18:47:00
ROracle,2001-11-03 08:52:00
ROracleUI,2010-01-23 12:05:00
RPMG,2007-10-05 12:21:00
RPMM,2009-09-09 22:12:00
RPPanalyzer,2010-01-18 17:01:00
RPostgreSQL,2008-10-13 11:35:00
RProtoBuf,2010-02-02 11:08:00
RPyGeo,2008-05-05 08:47:00
RQDA,2008-12-30 19:05:00
RQuantLib,2002-02-27 11:49:00
RSAGA,2008-05-05 08:47:00
RSEIS,2008-01-23 09:20:00
RSNNS,2010-11-15 14:14:00
RSQLite,2001-11-03 20:53:00
RSQLite.extfuns,2010-05-30 00:00:00
RSVGTipsDevice,2007-05-02 11:25:00
RScaLAPACK,2004-04-06 08:30:00
RSearchYJ,2010-06-25 00:00:00
RSiena,2009-06-27 10:16:00
RSiteSearch,2009-04-29 12:56:00
RStackExchange,2011-05-25 08:36:00
RSurvey,2009-03-01 12:16:00
RSvgDevice,2002-12-17 15:41:00
RTAQ,2011-04-24 00:00:00
RTOMO,2008-01-23 09:20:00
RTisean,2006-07-19 18:28:00
RUnit,2004-06-11 10:51:00
RVAideMemoire,2011-03-14 08:37:00
RWebMA,2010-06-30 00:00:00
RWeka,2006-01-13 16:39:00
RWekajars,2010-09-06 22:11:00
RWinEdt,2005-05-19 13:20:00
RXMCDA,2011-04-01 00:00:00
RXshrink,2005-10-16 21:11:00
RadioSonde,2002-02-08 21:30:00
RandForestGUI,2010-08-27 00:00:00
RandVar,2005-10-21 12:25:00
RandomFields,2001-06-01 15:03:00
RankAggreg,2008-02-11 21:26:00
RaschSampler,2006-11-09 11:36:00
Rassoc,2009-07-30 15:10:00
Ratings,2008-08-31 00:00:00
Rcapture,2007-05-03 12:23:00
Rcgmin,2010-04-04 17:12:00
Rcmdr,2003-05-26 16:51:00
RcmdrPlugin.BCA,2011-03-01 08:31:00
RcmdrPlugin.DoE,2009-09-24 22:13:00
RcmdrPlugin.EHESsampling,2010-11-30 15:19:00
RcmdrPlugin.Export,2008-04-09 09:14:00
RcmdrPlugin.FactoMineR,2007-11-27 20:32:00
RcmdrPlugin.HH,2007-07-31 09:22:00
RcmdrPlugin.IPSUR,2008-02-17 19:45:00
RcmdrPlugin.MAc,2010-02-14 20:26:00
RcmdrPlugin.MAd,2010-03-13 15:54:00
RcmdrPlugin.PT,2010-03-23 00:00:00
RcmdrPlugin.SLC,2010-01-19 00:00:00
RcmdrPlugin.SensoMineR,2010-07-25 13:06:00
RcmdrPlugin.SurvivalT,2008-11-19 00:00:00
RcmdrPlugin.TeachingDemos,2007-05-29 17:42:00
RcmdrPlugin.TextMining,2010-08-28 00:00:00
RcmdrPlugin.depthTools,2011-03-14 00:00:00
RcmdrPlugin.doex,2010-05-17 00:00:00
RcmdrPlugin.epack,2007-12-30 21:27:00
RcmdrPlugin.orloca,2008-11-26 09:47:00
RcmdrPlugin.qcc,2008-12-23 09:02:00
RcmdrPlugin.qual,2009-08-21 23:20:00
RcmdrPlugin.sos,2009-12-26 15:50:00
RcmdrPlugin.steepness,2010-03-26 00:00:00
RcmdrPlugin.survival,2009-02-20 17:30:00
Rcplex,2008-05-05 08:47:00
Rcpp,2008-11-06 19:15:00
RcppArmadillo,2010-03-11 21:23:00
RcppBDT,2011-01-18 00:00:00
RcppClassic,2010-12-20 08:53:00
RcppDE,2010-12-13 00:00:00
RcppExamples,2010-03-11 08:04:00
RcppGSL,2010-12-01 15:29:00
Rcsdp,2009-03-08 17:10:00
Rd2roxygen,2010-12-01 09:01:00
Rdsm,2010-03-10 11:20:00
ReacTran,2009-07-21 14:27:00
Read.isi,2008-08-03 23:06:00
ReadImages,2009-05-19 18:05:00
RecordLinkage,2010-04-12 10:30:00
Records,2010-11-24 00:00:00
RelativeRisk,2009-09-30 21:06:00
Reliability,2007-11-22 17:36:00
Renext,2010-06-11 00:00:00
RepeatedHighDim,2011-03-14 00:00:00
ResearchMethods,2008-08-08 21:48:00
ResistorArray,2005-03-02 19:07:00
ResourceSelection,2011-06-04 00:00:00
Rfit,2010-10-07 00:00:00
Rglpk,2008-01-21 21:23:00
RgoogleMaps,2009-05-07 13:03:00
Rhh,2009-11-09 16:57:00
RiDMC,2011-03-28 00:00:00
Rigroup,2006-08-04 08:03:00
Rlab,2005-01-15 13:06:00
Rlabkey,2008-10-28 13:58:00
Rmpfr,2009-08-14 22:24:00
Rmpi,2002-04-27 22:21:00
RnavGraph,2011-05-29 00:00:00
RnavGraphImageData,2011-05-29 00:00:00
Rniftilib,2009-08-04 16:22:00
RobAStBase,2008-09-15 09:32:00
RobLox,2007-08-25 18:47:00
RobLoxBioC,2009-11-04 14:09:00
RobRex,2007-08-25 18:47:00
RobustRankAggreg,2011-03-28 00:00:00
Rook,2011-04-24 08:04:00
Rpad,2005-05-12 22:49:00
RpgSQL,2010-02-14 15:44:00
Rramas,2010-10-08 00:00:00
Rsac,2007-08-04 09:50:00
Rserve,2006-11-16 10:35:00
Rsge,2008-09-05 17:38:00
Rsolnp,2010-03-05 10:45:00
Rssa,2011-03-14 00:00:00
Rsundials,2007-11-30 00:00:00
Rsymphony,2010-07-06 14:24:00
RthroughExcelWorkbooksInstaller,2009-05-29 09:01:00
Runiversal,2010-07-30 07:02:00
Runuran,2007-05-15 20:57:00
RunuranGUI,2010-10-26 00:00:00
Rvelslant,2007-10-24 00:00:00
Rvmmin,2010-04-04 17:12:00
Rwave,2001-07-12 17:49:00
RxCEcolInf,2009-05-04 00:00:00
Ryacas,2007-05-01 21:03:00
Rz,2011-04-03 09:42:00
r2dRue,2009-12-24 11:42:00
r2lh,2010-03-01 16:03:00
r4ss,2009-11-10 11:15:00
rAverage,2010-07-26 15:47:00
rCUR,2011-04-01 00:00:00
rChoiceDialogs,2011-01-15 00:00:00
rDNA,2010-11-18 08:14:00
rEMM,2010-01-26 09:45:00
rJava,2005-12-05 13:02:00
rJython,2010-07-30 00:00:00
rPorta,2008-05-20 11:18:00
rSymPy,2008-12-30 19:04:00
rTOFsPRO,2010-07-29 11:14:00
rWMBAT,2009-09-21 20:43:00
race,2004-03-23 09:11:00
rainbow,2009-05-29 09:01:00
rake,2006-01-19 09:15:00
ramps,2007-09-25 20:03:00
randaes,2005-09-10 00:00:00
random,2006-08-19 09:06:00
random.polychor.pa,2010-03-01 07:58:00
randomForest,2002-04-01 18:34:00
randomLCA,2008-03-21 20:21:00
randomSurvivalForest,2006-08-12 13:42:00
randtoolbox,2008-05-25 21:30:00
rangeMapper,2010-02-11 19:33:00
rankhazard,2009-06-29 00:00:00
raster,2010-03-20 11:08:00
rateratio.test,2007-06-05 22:07:00
rattle,2006-06-23 17:37:00
rbenchmark,2009-03-20 08:48:00
rbounds,2008-10-01 15:26:00
rbugs,2004-05-13 00:12:00
rcdd,2005-04-20 10:10:00
rcdk,2006-10-04 21:51:00
rcdklibs,2009-01-08 20:53:00
rcom,2005-07-20 12:51:00
rconifers,2008-11-26 09:47:00
rda,2006-02-14 10:42:00
rdetools,2008-09-05 00:00:00
rdyncall,2011-04-26 17:30:00
readBrukerFlexData,2011-02-15 20:30:00
readMzXmlData,2011-02-21 07:44:00
realized,2007-11-17 10:41:00
rebmix,2011-05-03 00:00:00
recommenderlab,2010-01-23 11:54:00
ref,2004-02-19 09:39:00
refund,2010-08-18 20:21:00
registry,2009-02-19 00:02:00
regress,2004-06-15 19:17:00
regsubseq,2007-09-30 00:00:00
regtest,2007-08-25 18:50:00
rela,2009-01-20 21:31:00
relaimpo,2005-12-01 08:33:00
relations,2007-06-04 21:23:00
relax,2005-06-24 17:56:00
relaxo,2006-12-19 13:00:00
reldist,2004-07-20 10:30:00
relevent,2010-11-10 00:00:00
reliaR,2011-01-03 00:00:00
relimp,2002-06-13 18:43:00
relsurv,2005-01-21 13:52:00
remMap,2009-01-17 00:00:00
remix,2010-05-06 20:16:00
repolr,2008-06-20 00:00:00
reportr,2010-10-27 00:00:00
reporttools,2008-11-04 11:13:00
reshape,2005-08-05 16:22:00
reshape2,2010-09-10 09:28:00
reshapeGUI,2011-05-31 00:00:00
review,2011-01-21 00:00:00
revoIPC,2011-03-01 00:00:00
reweight,2006-08-03 12:50:00
rgam,2011-02-24 00:00:00
rgcvpack,2007-08-27 11:01:00
rgdal,2003-11-26 11:25:00
rgenoud,2002-10-18 16:41:00
rgeos,2011-03-21 15:01:00
rggobi,2006-04-06 17:32:00
rgl,2004-03-04 08:02:00
rgp,2010-05-22 12:16:00
rgr,2007-04-05 21:00:00
rgrs,2009-02-25 17:51:00
rhosp,2006-07-25 07:49:00
rich,2011-01-19 00:00:00
richards,2008-03-28 09:19:00
rimage,2003-04-16 10:10:00
rindex,2007-08-25 18:50:00
ringscale,2009-07-30 21:30:00
rioja,2009-08-08 11:07:00
risksetROC,2008-02-08 23:07:00
rjags,2008-05-14 12:15:00
rjson,2007-07-30 10:38:00
rlecuyer,2004-05-01 09:01:00
rmac,2010-08-31 00:00:00
rmeta,1999-08-11 14:34:00
rmetasim,2004-08-09 07:52:00
rminer,2011-01-15 17:24:00
rms,2009-09-08 00:28:00
rneos,2011-04-12 00:00:00
rngWELL,2009-12-11 00:00:00
rngwell19937,2009-03-05 09:30:00
robCompositions,2009-01-20 21:31:00
robfilter,2008-01-29 20:29:00
robust,2006-05-09 09:53:00
robustX,2009-06-14 21:13:00
robustbase,2006-02-10 11:11:00
rocc,2010-04-15 15:49:00
rocplus,2011-03-14 00:00:00
rootSolve,2008-06-02 20:43:00
roxygen,2008-08-31 13:02:00
rpanel,2006-08-21 21:41:00
rpart,1999-04-08 13:06:00
rpart.plot,2011-02-25 11:48:00
rpartOrdinal,2009-07-18 18:14:00
rphast,2010-09-15 06:56:00
rpsychi,2010-02-05 12:52:00
rpubchem,2006-09-29 13:30:00
rpud,2010-09-15 00:00:00
rpvm,2001-09-04 23:28:00
rqmcmb2,2003-08-05 23:33:00
rrBLUP,2011-05-08 08:23:00
rrcov,2004-06-23 07:13:00
rrcovNA,2010-10-07 13:26:00
rrdf,2011-03-31 10:56:00
rrdflibs,2011-03-31 10:56:00
rredis,2010-03-17 09:35:00
rrp,2006-02-14 10:47:00
rrules,2010-05-22 00:00:00
rrv,2009-08-20 15:48:00
rscproxy,2008-08-14 20:52:00
rsdepth,2011-04-11 08:36:00
rseedcalc,2010-07-05 00:00:00
rsm,2008-12-01 09:08:00
rsprng,2002-04-26 09:16:00
rstream,2005-04-01 15:47:00
rtape,2011-05-11 00:00:00
rtiff,2006-01-01 22:53:00
rtv,2009-02-08 11:40:00
runjags,2008-09-01 21:20:00
rv,2005-11-17 19:06:00
rvgtest,2010-07-24 00:00:00
rvmbinary,2011-04-11 00:00:00
rwm,2008-08-23 11:19:00
rworldmap,2010-01-06 13:12:00
rwt,2004-11-17 12:45:00
rysgran,2011-03-15 00:00:00
SAFD,2009-10-23 13:00:00
SAPP,2010-07-02 00:00:00
SASPECT,2008-06-23 00:00:00
SASmixed,2000-02-12 16:44:00
SASxport,2007-10-03 09:46:00
SDDA,2008-06-02 09:00:00
SDMTools,2009-12-10 20:56:00
SDaA,2008-12-04 16:45:00
SDisc,2009-11-05 20:43:00
SE.IGE,2010-09-09 00:00:00
SEL,2009-07-19 22:10:00
SEMModComp,2009-05-05 00:00:00
SGCS,2009-03-06 08:29:00
SGP,2008-10-17 10:28:00
SHARE,2009-07-22 06:54:00
SHIP,2010-05-05 10:08:00
SII,2010-07-24 00:00:00
SIN,2004-04-01 15:24:00
SIS,2009-08-14 22:24:00
SLC,2010-01-19 11:18:00
SMCP,2010-08-26 08:42:00
SMIR,2009-05-04 12:17:00
SMPracticals,2006-12-19 12:58:00
SMVar,2008-10-03 16:48:00
SNPassoc,2006-09-29 16:07:00
SNPmaxsel,2007-02-15 13:10:00
SOAR,2010-04-06 11:17:00
SPACECAP,2010-02-16 10:36:00
SPARQL,2011-05-11 00:00:00
SPECIES,2011-04-24 00:00:00
SPOT,2010-06-22 18:27:00
SQLiteDF,2006-08-25 10:16:00
SQLiteMap,2008-07-29 06:59:00
SQN,2010-01-22 00:00:00
SQUAREM,2010-08-08 20:54:00
SRPM,2007-05-03 12:24:00
SSSR,2010-06-22 15:03:00
SSsimple,2011-05-20 00:00:00
STAR,2008-09-09 12:16:00
SV,2010-05-01 17:59:00
SVGMapping,2011-06-01 00:00:00
SVMMaj,2011-01-13 00:00:00
SWordInstaller,2009-08-26 14:39:00
SYNCSA,2011-05-25 00:00:00
SampleSizeMeans,2009-12-18 00:00:00
SampleSizeProportions,2009-12-17 00:00:00
SamplerCompare,2010-09-15 09:41:00
SamplingStrata,2011-04-29 00:00:00
SciViews,2004-11-29 09:28:00
ScottKnott,2009-01-23 09:16:00
SemiPar,2005-04-04 09:44:00
SemiParBIVProbit,2011-01-06 11:06:00
SenSrivastava,2003-01-13 12:06:00
SensoMineR,2005-11-03 10:29:00
SeqKnn,2006-02-08 13:07:00
SiZer,2008-06-12 11:23:00
SigWinR,2009-06-16 15:09:00
Sim.DiffProc,2011-01-04 08:27:00
Sim.DiffProcGUI,2011-01-06 21:10:00
SimComp,2008-10-27 11:55:00
SimpleTable,2008-09-06 00:00:00
SimultAnR,2010-12-14 00:00:00
SixSigma,2011-03-04 08:16:00
SkewHyperbolic,2009-10-28 08:55:00
Sleuth2,2009-11-13 11:42:00
SlimPLS,2010-08-06 00:00:00
Snowball,2007-02-14 19:50:00
SoDA,2007-11-23 09:45:00
SortableHTMLTables,2010-09-25 16:51:00
SparseM,2002-10-20 18:45:00
SpatialEpi,2010-01-18 00:00:00
SpatialExtremes,2008-10-16 12:54:00
SpatialNP,2007-09-04 21:06:00
SpeciesMix,2011-05-17 00:00:00
SpectralGEM,2009-03-15 10:39:00
SpherWave,2006-10-18 16:53:00
StMoSim,2010-05-03 10:40:00
StatDA,2007-11-18 09:51:00
StatDataML,2000-11-22 20:32:00
StatFingerprints,2008-11-21 14:08:00
StatMatch,2008-10-10 12:13:00
Stem,2009-01-30 00:00:00
StreamMetabolism,2008-08-07 18:37:00
SubpathwayMiner,2008-11-27 09:47:00
SuppDists,2001-04-11 19:31:00
SweaveListingUtils,2008-11-06 08:59:00
SwissAir,2005-07-30 11:12:00
SyNet,2008-04-27 00:00:00
Synth,2007-02-11 13:04:00
s20x,2008-02-12 22:34:00
s3x,2011-05-25 00:00:00
sBF,2009-10-08 00:00:00
sac,2005-05-06 09:19:00
safeBinaryRegression,2009-07-22 00:00:00
sampfling,2003-05-21 07:42:00
sampleSelection,2008-02-27 19:04:00
samplesize,2010-01-10 09:04:00
sampling,2005-05-20 19:08:00
samplingbook,2010-04-13 18:24:00
samr,2005-06-01 10:21:00
sandwich,2004-02-20 17:24:00
sapa,2007-09-06 20:14:00
satin,2010-10-14 00:00:00
saves,2011-01-25 08:42:00
saws,2010-03-01 20:27:00
sbgcop,2007-03-09 22:17:00
sca,2003-07-18 09:30:00
scaRabee,2010-05-05 10:09:00
scagnostics,2007-07-07 20:48:00
scaleCoef,2011-05-20 00:00:00
scaleboot,2006-07-19 15:52:00
scape,2005-08-30 00:36:00
scapeMCMC,2005-10-14 16:02:00
scatterplot3d,2000-11-16 18:50:00
schoolmath,2007-06-10 21:48:00
schwartz97,2010-08-27 11:05:00
sciplot,2006-11-09 11:13:00
scout,2008-12-09 20:47:00
scrapeR,2010-01-11 08:42:00
scrime,2008-01-16 10:15:00
scriptests,2011-01-06 11:07:00
scuba,2006-01-05 16:32:00
sculpt3d,2009-07-31 08:13:00
sda,2008-10-26 20:15:00
sdcMicro,2007-05-29 17:43:00
sdcMicroGUI,2010-12-03 00:00:00
sdcTable,2009-01-26 09:53:00
sddpack,2009-06-14 00:00:00
sde,2006-07-19 19:06:00
sdef,2009-08-14 22:03:00
sdtalt,2008-05-20 11:38:00
sdtoolkit,2009-03-06 18:04:00
seacarb,2003-09-18 10:36:00
seas,2006-03-15 10:12:00
season,2009-10-20 21:31:00
secr,2010-03-11 17:37:00
seewave,2006-03-10 15:24:00
seg,2011-05-09 00:00:00
segclust,2008-02-11 21:26:00
segmented,2003-10-07 19:23:00
selectMeta,2010-11-15 17:05:00
selectiongain,2008-11-24 00:00:00
sem,2001-05-01 10:36:00
semPLS,2010-06-01 15:35:00
sendmailR,2009-07-21 14:29:00
sendplot,2007-11-05 23:04:00
sensR,2008-07-20 11:09:00
sensitivity,2006-06-30 10:04:00
sensitivityPStrat,2010-05-07 10:57:00
seqCBS,2010-10-25 09:01:00
seqRFLP,2010-06-30 15:30:00
seqinr,2004-11-22 10:53:00
seqmon,2004-05-26 13:48:00
seriation,2007-09-01 12:15:00
session,2003-03-17 11:33:00
setRNG,2004-03-26 08:51:00
sets,2007-10-16 13:09:00
sfa,2011-01-24 00:00:00
sfsmisc,2004-02-06 14:41:00
sgeostat,1999-04-21 18:28:00
shape,2008-02-21 20:59:00
shapefiles,2003-06-14 01:00:00
shapes,2003-09-16 16:52:00
sharx,2010-12-09 00:00:00
siar,2008-02-25 14:58:00
sideChannelAttack,2011-04-30 00:00:00
sifds,2010-04-02 19:10:00
sigclust,2010-07-24 00:00:00
signal,2006-12-10 16:14:00
signalextraction,2007-03-15 19:50:00
simFrame,2009-08-13 10:59:00
simPopulation,2010-02-13 09:23:00
simba,2007-08-27 15:49:00
simboot,2010-12-23 00:00:00
simco,2007-04-05 21:00:00
simctest,2009-05-28 19:59:00
simecol,2006-06-29 11:38:00
simex,2005-08-10 07:46:00
simexaft,2010-07-09 10:43:00
similarityRichards,2008-03-28 15:59:00
simone,2008-10-25 15:22:00
simpleboot,2003-10-09 09:50:00
sinartra,2010-09-30 07:43:00
sisus,2010-04-26 00:00:00
skellam,2009-10-20 00:00:00
skewt,2004-03-02 00:00:00
skills,2011-02-20 00:00:00
skmeans,2009-08-13 12:38:00
slam,2009-06-26 15:37:00
sm,1999-04-08 13:07:00
smacof,2008-05-26 08:51:00
smatr,2006-02-06 23:40:00
smco,2011-05-08 00:00:00
smirnov,2010-10-26 00:00:00
smoothSurv,2003-10-23 18:34:00
smoothmest,2010-09-15 00:00:00
smoothtail,2006-12-02 16:31:00
sn,2000-09-25 00:23:00
sna,2001-05-28 08:22:00
snort,2011-02-11 00:00:00
snow,2003-03-10 16:27:00
snowFT,2004-09-11 09:19:00
snowfall,2008-06-19 11:35:00
snp.plotter,2007-01-21 20:23:00
snpXpert,2007-03-20 00:00:00
soil.spec,2010-06-05 19:59:00
soiltexture,2010-08-18 16:35:00
solaR,2010-02-10 16:31:00
som,2003-09-29 14:33:00
soma,2010-12-13 00:00:00
someKfwer,2009-11-22 20:39:00
someMTP,2010-07-24 22:43:00
somplot,2011-05-19 00:00:00
sos,2009-09-07 19:57:00
sos4R,2011-01-16 17:43:00
sound,2002-08-31 10:58:00
sp,2005-04-28 08:20:00
spBayes,2006-10-01 23:59:00
spa,2011-04-26 00:00:00
spaa,2010-05-17 20:51:00
space,2010-04-14 00:00:00
spacetime,2010-09-30 09:41:00
spacodiR,2011-04-05 00:00:00
spam,2007-09-08 10:56:00
sparcl,2009-12-02 09:08:00
sparkTable,2010-05-10 07:30:00
sparr,2010-04-16 10:14:00
sparseLDA,2009-03-03 00:00:00
spatcounts,2009-06-08 18:25:00
spatgraphs,2007-03-01 19:42:00
spatial,2009-05-08 13:25:00
spatialCovariance,2004-04-27 18:46:00
spatialkernel,2006-06-28 18:35:00
spatialsegregation,2009-03-10 09:09:00
spatstat,2002-01-21 08:56:00
spc,2004-05-27 07:01:00
spcosa,2009-03-13 12:04:00
spd,2011-01-26 00:00:00
spdep,2002-03-20 08:22:00
spe,2004-03-26 16:35:00
spectralGP,2005-09-25 17:05:00
speedR,2010-12-15 13:20:00
speedRlibTF,2010-12-13 15:13:00
speedRlibs,2010-12-15 13:20:00
speedglm,2009-10-06 00:00:00
spef,2010-05-22 08:36:00
speff2trial,2009-07-02 08:52:00
spgrass6,2006-08-30 11:19:00
spgwr,2006-01-09 09:40:00
sphet,2010-02-03 16:43:00
spi,2011-03-27 10:28:00
spikeSlabGAM,2011-04-26 00:00:00
spikeslab,2010-03-17 18:39:00
splancs,2000-11-05 08:56:00
splinesurv,2010-07-28 09:55:00
spls,2008-11-08 10:16:00
splus2R,2007-09-06 20:14:00
sporm,2011-01-05 07:25:00
sprint,2010-07-27 20:11:00
spssDDI,2008-06-09 20:12:00
spsurvey,2007-01-24 12:07:00
spuRs,2009-03-13 11:46:00
sqldf,2007-07-21 14:12:00
sra,2010-12-21 00:00:00
ssanv,2006-02-14 10:42:00
ssize.fdr,2008-09-21 21:48:00
sspir,2005-05-25 13:14:00
sspline,2007-09-05 09:16:00
st,2006-08-31 17:19:00
stab,2008-05-02 10:59:00
stabledist,2011-03-15 17:41:00
stam,2010-02-07 00:00:00
startupmsg,2006-05-12 13:12:00
stashR,2006-12-12 09:23:00
statmod,2003-02-17 22:15:00
statnet,2008-01-16 20:09:00
steepness,2010-03-26 00:00:00
stepPlr,2006-07-10 08:48:00
stepp,2011-05-23 00:00:00
stepwise,2005-01-24 09:59:00
stinepack,2006-09-30 21:11:00
stochmod,2006-11-10 11:35:00
stockPortfolio,2009-11-01 17:17:00
stoichcalc,2010-02-09 10:17:00
stratification,2010-03-11 17:38:00
stratigraph,2010-06-03 19:00:00
stream.net,2007-01-26 13:22:00
stringkernels,2009-08-21 07:14:00
stringr,2009-11-09 16:57:00
strucchange,2001-05-17 17:20:00
subplex,2007-12-05 08:55:00
subselect,2002-03-12 17:58:00
sudoku,2006-01-06 10:09:00
sugaR,2009-06-02 17:43:00
supclust,2004-01-14 10:37:00
superMDS,2011-03-29 00:00:00
superpc,2004-09-16 00:10:00
surv2sample,2007-11-08 09:09:00
survAUC,2011-03-30 17:07:00
survBayes,2005-03-14 12:31:00
survJamda,2010-11-04 20:02:00
survJamda.data,2010-11-04 20:01:00
survPresmooth,2010-06-02 10:01:00
surveillance,2005-11-18 20:07:00
survey,2003-01-23 19:05:00
survival,2001-06-22 17:07:00
survivalBIV,2011-01-25 00:00:00
survivalROC,2008-02-08 00:00:00
survrec,2002-10-28 14:35:00
svDialogs,2009-06-28 18:49:00
svGUI,2009-01-23 18:14:00
svIDE,2009-01-23 18:14:00
svMisc,2009-01-23 18:14:00
svSocket,2009-01-23 18:14:00
svSweave,2009-06-28 18:49:00
svTools,2009-08-10 15:05:00
svUnit,2009-06-28 18:50:00
svWidgets,2009-06-28 18:59:00
svcR,2006-09-05 19:32:00
svcm,2006-11-28 10:17:00
svd,2011-03-14 11:29:00
svmpath,2004-06-15 19:17:00
swamp,2011-01-28 00:00:00
symbols,2009-11-29 00:00:00
symmoments,2010-02-02 00:00:00
synchronicity,2010-06-08 17:45:00
systemfit,2002-06-06 20:28:00
TANOVA,2010-05-10 00:00:00
TEQR,2010-11-10 00:00:00
TERAplusB,2011-05-25 00:00:00
TGUICore,2009-11-19 17:33:00
TGUITeaching,2009-11-19 17:33:00
TIMP,2007-05-01 21:03:00
TRAMPR,2006-11-13 10:26:00
TRIANG,2009-03-08 17:10:00
TRIANGG,2010-08-22 00:00:00
TSA,2008-01-05 18:41:00
TSAgg,2010-06-09 08:38:00
TSHRC,2008-02-24 20:17:00
TSMySQL,2007-11-05 21:39:00
TSP,2006-09-18 10:39:00
TSPostgreSQL,2008-11-03 08:46:00
TSSQLite,2007-11-03 19:19:00
TSdbi,2007-11-03 19:19:00
TSfame,2008-11-03 08:46:00
TSgetSymbol,2010-12-22 09:57:00
TShistQuote,2008-11-03 08:46:00
TSodbc,2008-11-03 08:46:00
TSpadi,2007-11-03 19:19:00
TSxls,2011-01-03 13:28:00
TSzip,2011-03-23 00:00:00
TTR,2007-10-03 09:46:00
TWIX,2006-08-30 11:17:00
TauP.R,2011-05-23 00:00:00
TeachingDemos,2005-07-12 17:15:00
TeachingSampling,2009-03-14 20:47:00
ThreeGroups,2010-06-10 00:00:00
TilePlot,2010-10-05 19:38:00
TinnR,2008-09-05 17:30:00
ToxLim,2010-03-26 00:00:00
TraMineR,2008-07-15 17:49:00
TreePar,2010-06-18 17:13:00
TreeRank,2010-03-04 07:51:00
TreeSim,2010-02-23 17:18:00
TripleR,2009-06-02 19:28:00
TunePareto,2010-08-16 15:46:00
TwoPhaseInd,2011-03-24 00:00:00
TwoStepCLogit,2011-02-17 00:00:00
TwoWaySurvival,2006-07-19 15:38:00
tableplot,2010-11-07 00:00:00
tabplot,2011-01-03 13:36:00
taskPR,2005-05-12 13:33:00
tau,2009-08-26 16:57:00
tawny,2009-04-15 10:53:00
tcltk2,2006-02-10 14:19:00
tclust,2010-03-17 14:59:00
tdm,2006-11-02 12:52:00
tdthap,2007-11-22 00:00:00
tensor,2000-09-14 10:51:00
tensorA,2006-07-10 08:33:00
termstrc,2007-07-09 15:58:00
testthat,2009-11-17 20:18:00
texmex,2010-12-21 00:00:00
textcat,2009-10-21 17:54:00
textir,2011-01-23 09:53:00
tfer,2010-11-03 08:43:00
tframe,2000-04-21 14:28:00
tframePlus,2008-05-08 09:13:00
tgp,2005-12-28 00:45:00
tgram,2010-04-02 00:00:00
thgenetics,2010-09-23 22:00:00
tiger,2009-03-27 09:11:00
tikzDevice,2009-09-12 14:18:00
tileHMM,2008-08-20 13:23:00
time,2005-06-08 11:54:00
timeDate,2008-10-23 18:55:00
timeSeries,2008-10-23 18:55:00
timeordered,2011-03-28 00:00:00
timereg,2008-08-08 14:32:00
timsac,2007-06-01 14:27:00
tis,2008-09-10 09:18:00
titan,2006-10-28 12:43:00
tkrgl,2006-12-27 10:27:00
tkrplot,2002-04-30 07:26:00
tlemix,2009-03-04 09:01:00
tlnise,2005-09-30 19:24:00
tm,2007-01-10 00:28:00
tm.plugin.dc,2010-12-18 08:06:00
tm.plugin.mail,2009-09-10 21:52:00
tmle,2011-02-04 00:00:00
tmvtnorm,2009-03-29 20:09:00
tnet,2009-06-03 19:31:00
tolerance,2009-06-29 08:41:00
tonymisc,2011-05-16 14:26:00
topicmodels,2009-11-06 18:09:00
topmodel,2008-08-06 17:31:00
tourr,2010-02-11 09:45:00
tourrGui,2010-04-19 09:31:00
tpr,2007-12-30 21:30:00
tpsDesign,2010-06-05 08:02:00
track,2011-01-21 09:46:00
trackObjs,2007-09-07 09:15:00
tractor.base,2009-05-14 08:59:00
traitr,2010-01-15 09:50:00
trapezoid,2011-04-08 14:18:00
tree,1999-04-08 13:08:00
treecm,2011-05-11 15:10:00
treelet,2008-09-19 08:57:00
treemap,2010-09-10 11:31:00
treethresh,2009-07-26 20:33:00
trex,2010-04-09 00:00:00
triads,2010-06-04 23:33:00
triangle,2006-06-19 09:13:00
triggr,2011-04-05 19:24:00
trimcluster,2006-09-06 18:42:00
trio,2010-01-27 17:30:00
trip,2006-11-17 11:40:00
tripEstimation,2007-03-28 09:46:00
tripack,1998-08-20 12:56:00
truncSP,2011-06-04 00:00:00
truncgof,2006-03-08 09:40:00
truncnorm,2008-12-12 09:11:00
truncreg,2009-02-03 00:00:00
trust,2005-10-26 23:46:00
tsDyn,2006-07-19 18:28:00
tsModel,2008-08-12 12:18:00
tseries,1999-07-09 09:27:00
tseriesChaos,2005-07-24 15:32:00
tsfa,2006-02-11 12:56:00
tslars,2009-03-04 00:00:00
tsne,2010-02-21 00:00:00
ttime,2010-02-18 20:35:00
ttrTests,2009-08-19 19:13:00
ttutils,2009-09-28 09:51:00
tuneR,2004-09-11 09:22:00
twang,2006-02-09 08:04:00
tweedie,2004-09-30 09:45:00
twiddler,2010-05-22 12:16:00
twitteR,2009-07-24 08:06:00
two.stage.boot,2011-05-08 00:00:00
twopartqtl,2009-11-25 00:00:00
twslm,2007-06-16 20:17:00
USPS,2005-11-02 22:38:00
UScensus2000,2009-12-16 12:01:00
UScensus2000add,2009-12-16 12:02:00
UScensus2000blkgrp,2010-02-24 00:00:00
UScensus2000cdp,2009-12-16 12:02:00
UScensus2000tract,2009-12-16 12:03:00
Unicode,2010-01-26 11:45:00
UsingR,2004-10-22 09:36:00
ucminf,2009-02-03 21:05:00
udunits2,2011-02-10 09:24:00
ump,2005-05-22 23:15:00
unbalhaar,2006-07-27 12:12:00
uncompress,2008-06-06 08:37:00
uniCox,2009-04-15 00:00:00
unknownR,2011-03-24 09:02:00
unmarked,2010-01-21 17:28:00
untb,2006-01-18 09:23:00
urca,2004-03-16 22:59:00
urn,2004-07-02 08:25:00
VBmix,2011-02-28 00:00:00
VGAM,2006-10-24 10:48:00
VHDClassification,2010-05-02 09:47:00
VIF,2009-10-06 08:56:00
VIM,2008-01-30 08:55:00
VLMC,2002-03-12 17:58:00
VPdtw,2009-11-18 08:57:00
VarianceGamma,2009-04-22 18:01:00
Vdgraph,2011-06-03 00:00:00
VecStatGraphs2D,2010-06-08 17:45:00
VecStatGraphs3D,2010-07-30 13:34:00
VennDiagram,2011-03-01 16:50:00
VhayuR,2010-05-08 00:00:00
VizCompX,2010-03-02 00:00:00
validator,2010-09-05 00:00:00
varSelRF,2005-05-30 12:55:00
varSelectIP,2011-01-24 00:00:00
varcompci,2011-02-14 00:00:00
vardiag,2003-05-25 20:21:00
vars,2006-07-24 10:29:00
vcd,2002-12-16 08:23:00
vcdExtra,2010-02-28 21:58:00
vegan,2001-09-06 11:12:00
vegdata,2009-11-11 08:42:00
vegetarian,2009-08-09 20:21:00
venneuler,2009-10-28 08:49:00
verification,2004-09-29 10:45:00
vines,2011-05-24 00:00:00
violinmplot,2010-09-27 00:00:00
vioplot,2004-07-16 23:57:00
visualizationTools,2011-02-28 10:30:00
vmv,2010-02-26 00:00:00
voronoi,2011-02-23 00:00:00
vowels,2009-02-16 08:41:00
vrmlgen,2009-03-21 09:16:00
vrtest,2007-06-05 22:07:00
vwr,2011-02-03 00:00:00
WDI,2010-06-14 08:55:00
WGCNA,2010-07-26 19:08:00
WINRPACK,2008-04-01 09:00:00
WMBrukerParser,2009-12-23 09:28:00
WMCapacity,2009-10-05 17:01:00
WMTregions,2010-10-21 12:48:00
WWGbook,2009-02-24 00:00:00
WaveCD,2010-05-17 00:00:00
WhatIf,2005-11-02 22:38:00
WilcoxCV,2007-04-11 19:05:00
WriteXLS,2009-03-26 09:42:00
wSVM,2010-10-04 00:00:00
wasim,2008-12-17 10:10:00
waterfall,2010-05-23 09:11:00
waveband,2010-03-16 00:00:00
waveclock,2008-06-16 12:03:00
waved,2007-03-30 11:06:00
wavelets,2005-11-03 09:51:00
wavemulcor,2011-03-09 00:00:00
waveslim,2001-10-18 23:04:00
wavethresh,1999-10-11 08:37:00
wccsom,2006-02-10 14:20:00
websockets,2011-04-26 19:51:00
webvis,2010-04-18 00:00:00
weights,2011-03-05 17:56:00
weirs,2010-09-14 07:33:00
wgaim,2008-06-24 12:04:00
wikibooks,2007-06-05 14:40:00
wild1,2010-11-22 21:41:00
wle,2000-05-31 18:04:00
wmtsa,2007-09-06 20:16:00
wnominate,2006-09-14 09:40:00
wombsoft,2007-02-22 18:36:00
wordnet,2007-08-25 18:55:00
wq,2010-02-18 14:05:00
write.snns,2001-01-08 07:56:00
wvioplot,2010-06-04 00:00:00
XLConnect,2011-02-27 17:28:00
XLConnectJars,2011-02-27 17:29:00
XML,2000-11-15 09:54:00
x12,2009-01-20 09:37:00
xgobi,1999-04-10 19:48:00
xlsReadWrite,2006-08-25 19:45:00
xlsx,2010-01-03 12:43:00
xlsxjars,2010-01-03 12:43:00
xpose4,2010-10-23 21:19:00
xpose4classic,2010-10-23 21:19:00
xpose4data,2010-10-23 21:19:00
xpose4generic,2010-10-23 21:19:00
xpose4specific,2010-10-23 21:19:00
xtable,2000-12-13 08:01:00
xterm256,2009-04-20 09:32:00
xtermStyle,2011-01-06 21:10:00
xts,2008-01-05 18:42:00
YaleToolkit,2007-07-24 21:57:00
YieldCurve,2009-08-04 16:22:00
YjdnJlp,2011-03-21 07:46:00
YourCast,2009-01-16 18:06:00
yaImpute,2007-01-26 13:22:00
yacca,2008-11-14 09:26:00
yaml,2008-03-21 20:28:00
yest,2007-07-07 20:48:00
yhat,2009-07-18 18:16:00
ZIGP,2006-10-25 17:26:00
Zelig,2004-10-22 17:42:00
zic,2009-10-30 17:08:00
zipcode,2011-01-05 09:42:00
zipfR,2006-08-23 21:59:00
zoeppritz,2007-10-15 21:26:00
zoo,2004-02-20 17:24:00
zyp,2009-01-09 00:00:00
